Localidad,UPZ,Barrio
Usaquén,Paseo de los Libertadores,Canaima
Usaquén,Paseo de los Libertadores,La Floresta de La Sabana
Usaquén,Paseo de los Libertadores,Torca
Usaquén,Verbenal,Altos de Serrezuela
Usaquén,Verbenal,Balcones de Vista Hermosa
Usaquén,Verbenal,Balmoral Norte
Usaquén,Verbenal,Buenavista
Usaquén,Verbenal,Chaparral
Usaquén,Verbenal,El Codito
Usaquén,Verbenal,El Refugio de San Antonio
Usaquén,Verbenal,El Verbenal
Usaquén,Verbenal,Horizontes
Usaquén,Verbenal,La Estrellita
Usaquén,Verbenal,La Frontera
Usaquén,Verbenal,La Llanurita
Usaquén,Verbenal,Los Consuelos
Usaquén,Verbenal,Marantá
Usaquén,Verbenal,Maturín
Usaquén,Verbenal,Medellín
Usaquén,Verbenal,Mirador del Norte
Usaquén,Verbenal,Nuevo Horizonte
Usaquén,Verbenal,San Antonio Norte
Usaquén,Verbenal,Santandersito
Usaquén,Verbenal,Tibabita
Usaquén,Verbenal,Viña del Mar
Usaquén,La Uribe,Bosque de San Antonio
Usaquén,La Uribe,Conjunto Camino del Palmar
Usaquén,La Uribe,El Pite
Usaquén,La Uribe,El Redil
Usaquén,La Uribe,La Cita
Usaquén,La Uribe,La Granja Norte
Usaquén,La Uribe,La Uribe
Usaquén,La Uribe,Los Naranjos
Usaquén,La Uribe,San Juan Bosco
Usaquén,La Uribe,Urbanización Los Laureles
Usaquén,San Cristóbal Norte,Ainsuca
Usaquén,San Cristóbal Norte,Altablanca
Usaquén,San Cristóbal Norte,Barrancas
Usaquén,San Cristóbal Norte,California
Usaquén,San Cristóbal Norte,Cerro Norte
Usaquén,San Cristóbal Norte,Danubio
Usaquén,San Cristóbal Norte,Don Bosco
Usaquén,San Cristóbal Norte,La Perla Oriental
Usaquén,San Cristóbal Norte,Las Areneras
Usaquén,San Cristóbal Norte,Milán (Barrancas)
Usaquén,San Cristóbal Norte,Pradera Norte
Usaquén,San Cristóbal Norte,San Cristóbal Norte
Usaquén,San Cristóbal Norte,Santa Teresa
Usaquén,San Cristóbal Norte,Soratama
Usaquén,San Cristóbal Norte,Torcoroma
Usaquén,San Cristóbal Norte,Villa Nydia
Usaquén,San Cristóbal Norte,Villa Oliva
Usaquén,Toberín,El Toberín
Usaquén,Toberín,Babilonia
Usaquén,Toberín,Darandelos
Usaquén,Toberín,Estrella del Norte
Usaquén,Toberín,Guanoa
Usaquén,Toberín,Jardín Norte
Usaquén,Toberín,La Liberia
Usaquén,Toberín,La Pradera Norte
Usaquén,Toberín,Las Orquídeas
Usaquén,Toberín,Pantanito
Usaquén,Toberín,Santa Mónica
Usaquén,Toberín,Villa Magdala
Usaquén,Toberín,Villas de Aranjuez
Usaquén,Toberín,Villas del Mediterráneo
Usaquén,Toberín,Zaragoza
Usaquén,Los Cedros,Acacias
Usaquén,Los Cedros,Antigua
Usaquén,Los Cedros,Belmira
Usaquén,Los Cedros,Bosque de Pinos
Usaquén,Los Cedros,Caobos Salazar
Usaquén,Los Cedros,Capri
Usaquén,Los Cedros,Cedritos
Usaquén,Los Cedros,Cedro Bolívar
Usaquén,Los Cedros,Cedro Golf
Usaquén,Los Cedros,Cedro Madeira
Usaquén,Los Cedros,Cedro Narváez
Usaquén,Los Cedros,Cedro Salazar
Usaquén,Los Cedros,El Contador
Usaquén,Los Cedros,El Rincón de Las Margaritas
Usaquén,Los Cedros,La Sonora
Usaquén,Los Cedros,Las Margaritas
Usaquén,Los Cedros,Lisboa
Usaquén,Los Cedros,Los Cedros
Usaquén,Los Cedros,Los Cedros Oriental
Usaquén,Los Cedros,Montearroyo
Usaquén,Los Cedros,Nueva Autopista
Usaquén,Los Cedros,Nuevo Country
Usaquén,Los Cedros,Sierras del Moral
Usaquén,Usaquén,Bella Suiza
Usaquén,Usaquén,Bellavista
Usaquén,Usaquén,Bosque Medina
Usaquén,Usaquén,El Pañuelito
Usaquén,Usaquén,El Pedregal
Usaquén,Usaquén,Escuela de Caballería I
Usaquén,Usaquén,Escuela de Infantería
Usaquén,Usaquén,Francisco Miranda
Usaquén,Usaquén,Ginebra
Usaquén,Usaquén,La Esperanza
Usaquén,Usaquén,La Glorieta
Usaquén,Usaquén,Las Delicias del Carmen
Usaquén,Usaquén,Sagrado Corazón
Usaquén,Usaquén,San Gabriel
Usaquén,Usaquén,Santa Ana
Usaquén,Usaquén,Santa Ana Occidental
Usaquén,Usaquén,Santa Bárbara
Usaquén,Usaquén,Santa Bárbara Alta
Usaquén,Usaquén,Santa Bárbara Oriental
Usaquén,Country Club,Country Club
Chapinero,El Refugio,Chicó Reservado
Chapinero,El Refugio,Bellavista
Chapinero,El Refugio,Chicó Alto
Chapinero,El Refugio,El Nogal
Chapinero,El Refugio,El Refugio
Chapinero,El Refugio,La Cabrera
Chapinero,El Refugio,Los Rosales
Chapinero,El Refugio,Seminario
Chapinero,El Refugio,Toscana
Chapinero,San Isidro Patios,La Esperanza Nororiental
Chapinero,San Isidro Patios,La Sureña
Chapinero,San Isidro Patios,San Isidro
Chapinero,San Isidro Patios,San Luis Altos del Cabo
Chapinero,Pardo Rubio,Bosque Calderón
Chapinero,Pardo Rubio,Bosque Calderón Tejada
Chapinero,Pardo Rubio,Chapinero Alto
Chapinero,Pardo Rubio,El Castillo
Chapinero,Pardo Rubio,El Paraíso
Chapinero,Pardo Rubio,Emaus
Chapinero,Pardo Rubio,Granada
Chapinero,Pardo Rubio,Ingemar
Chapinero,Pardo Rubio,Juan XXIII
Chapinero,Pardo Rubio,La Salle
Chapinero,Pardo Rubio,Las Acacias
Chapinero,Pardo Rubio,Los Olivos
Chapinero,Pardo Rubio,María Cristina
Chapinero,Pardo Rubio,Mariscal Sucre
Chapinero,Pardo Rubio,Nueva Granada
Chapinero,Pardo Rubio,Palomar
Chapinero,Pardo Rubio,Pardo Rubio
Chapinero,Pardo Rubio,San Martín de Porres
Chapinero,Pardo Rubio,Villa Anita
Chapinero,Pardo Rubio,Villa del Cerro
Chapinero,Chicó Lago,Antiguo Country
Chapinero,Chicó Lago,Chicó Norte
Chapinero,Chicó Lago,Chicó Norte II
Chapinero,Chicó Lago,Chicó Norte III
Chapinero,Chicó Lago,Chicó Occidental
Chapinero,Chicó Lago,El Chicó
Chapinero,Chicó Lago,El Retiro
Chapinero,Chicó Lago,Espartillal
Chapinero,Chicó Lago,La Cabrera
Chapinero,Chicó Lago,Lago Gaitán
Chapinero,Chicó Lago,Porciúncula
Chapinero,Chicó Lago,Quinta Camacho
Chapinero,Chapinero Centro,Cataluña
Chapinero,Chapinero Centro,Chapinero Central
Chapinero,Chapinero Centro,Chapinero Norte
Chapinero,Chapinero Centro,Marly
Chapinero,Chapinero Centro,Sucre
Chapinero,Otras ,El Verjón Bajo (Vereda)
Santa Fe,Sagrado Corazón,La Merced
Santa Fe,Sagrado Corazón,Parque Central Bavaria
Santa Fe,Sagrado Corazón,Sagrado Corazón
Santa Fe,Sagrado Corazón,San Diego
Santa Fe,Sagrado Corazón,San Martín
Santa Fe,Sagrado Corazón,Torres del Parque
Santa Fe,La Macarena,Bosque Izquierdo
Santa Fe,La Macarena,Germania
Santa Fe,La Macarena,La Macarena
Santa Fe,La Macarena,La Paz Centro
Santa Fe,La Macarena,La Perseverancia
Santa Fe,Las Nieves,La Alameda
Santa Fe,Las Nieves,La Capuchina
Santa Fe,Las Nieves,La Veracruz
Santa Fe,Las Nieves,Las Nieves
Santa Fe,Las Nieves,Santa Inés
Santa Fe,Las Cruces,Las Cruces
Santa Fe,Las Cruces,San Bernardo
Santa Fe,Lourdes,Atanasio Giradot
Santa Fe,Lourdes,Cartagena
Santa Fe,Lourdes,Egipto
Santa Fe,Lourdes,Egipto Alto (J.C. Turbay)
Santa Fe,Lourdes,El Balcón
Santa Fe,Lourdes,El Consuelo
Santa Fe,Lourdes,El Dorado
Santa Fe,Lourdes,El Guavio
Santa Fe,Lourdes,El Mirador
Santa Fe,Lourdes,El Rocío
Santa Fe,Lourdes,El Triunfo
Santa Fe,Lourdes,Fábrica de Loza
Santa Fe,Lourdes,Gran Colombia
Santa Fe,Lourdes,La Peña
Santa Fe,Lourdes,Los Laches
Santa Fe,Lourdes,Lourdes
Santa Fe,Lourdes,Ramírez
Santa Fe,Lourdes,San Dionisio
Santa Fe,Lourdes,Santa Rosa de Lima
Santa Fe,Lourdes,Vitelma
Santa Fe,Ve,Monserrate
Santa Fe,Ve,Guadalupe
Santa Fe,Ve,El Verjón
San Cristóbal,San,Aguas Claras
San Cristóbal,San,Altamira
San Cristóbal,San,Altos del Sol
San Cristóbal,San,Atenas
San Cristóbal,San,Balcón de la Castaña
San Cristóbal,San,Corinto
San Cristóbal,San,El Futuro
San Cristóbal,San,El Ramajal
San Cristóbal,San,El Ramajal (San Pedro)
San Cristóbal,San,La Castaña
San Cristóbal,San,La Cecilia
San Cristóbal,San,La Joyita Centro (Bello Horizonte)
San Cristóbal,San,La Playa
San Cristóbal,San,La Roca
San Cristóbal,San,La Sagrada Familia
San Cristóbal,San,Las Acacias
San Cristóbal,San,Las Mercedes
San Cristóbal,San,Los Arrayanes Sector Santa Inés
San Cristóbal,San,Manantial
San Cristóbal,San,Manila
San Cristóbal,San,Montecarlo
San Cristóbal,San,Nueva Granada
San Cristóbal,San,Quindío
San Cristóbal,San,San Blas
San Cristóbal,San,San Blas (Parcelas)
San Cristóbal,San,San Blas II Sector
San Cristóbal,San,San Cristóbal Alto
San Cristóbal,San,San Cristóbal Viejo
San Cristóbal,San,San Dionisio
San Cristóbal,San,San José Sur Oriental
San Cristóbal,San,San Luis
San Cristóbal,San,Vitelma
San Cristóbal,20 de ,20 de Julio
San Cristóbal,20 de ,Aguas Claras
San Cristóbal,20 de ,Buenos Aires
San Cristóbal,20 de ,Camino Viejo de San Cristóbal
San Cristóbal,20 de ,La Gloria
San Cristóbal,20 de ,La María
San Cristóbal,20 de ,La Victoria
San Cristóbal,20 de ,Las Guacamayas
San Cristóbal,20 de ,Las Guacamayas I
San Cristóbal,20 de ,Las Guacamayas II
San Cristóbal,20 de ,Las Guacamayas III
San Cristóbal,20 de ,Las Lomas
San Cristóbal,20 de ,Los Alpes
San Cristóbal,20 de ,Los Arrayanes
San Cristóbal,20 de ,Nariño Sur
San Cristóbal,20 de ,San José Oriental
San Cristóbal,20 de ,San Martín de Loba I
San Cristóbal,20 de ,San Martín de Loba II
San Cristóbal,20 de ,San Martin Sur
San Cristóbal,So,Calvo Sur
San Cristóbal,So,El Progreso
San Cristóbal,So,Los Dos Leones
San Cristóbal,So,Pinos de Oriente
San Cristóbal,So,Primera de Mayo
San Cristóbal,La G,El Recodo - República de Canadá
San Cristóbal,La G,El Rodeo
San Cristóbal,La G,Gran Colombia (Molinos de Oriente)
San Cristóbal,La G,Horacio Orjuela
San Cristóbal,La G,Juan Rey (La Paz)
San Cristóbal,La G,La Belleza
San Cristóbal,La G,La Colmena
San Cristóbal,La G,La Gloria Baja
San Cristóbal,La G,La Nueva Gloria
San Cristóbal,La G,La Nueva Gloria II Sector
San Cristóbal,La G,La Victoria III Sector
San Cristóbal,La G,Las Gaviotas
San Cristóbal,La G,Los Arrayanes
San Cristóbal,La G,Macarena Los Alpes
San Cristóbal,La G,Molinos de Oriente
San Cristóbal,La G,San José Oriental
San Cristóbal,La G,San Martín
San Cristóbal,Veredas (R,El Verjón Oriental
San Cristóbal,Veredas (R,La Península
San Cristóbal,Los Liberta,La Herradura
San Cristóbal,Los Liberta,Laureles Sur Oriental II Sector
San Cristóbal,Los Liberta,Los Alpes Futuro
San Cristóbal,Los Liberta,Los Laureles Sur Oriental I Sec
San Cristóbal,Los Liberta,Los Libertadores
San Cristóbal,Los Liberta,Los Pinares
San Cristóbal,Los Liberta,Los Pinos
San Cristóbal,Los Liberta,Los Puentes
San Cristóbal,Los Liberta,República del Canadá - El Pinar
San Cristóbal,Los Liberta,San Jacinto
San Cristóbal,Los Liberta,San Manuel
San Cristóbal,Los Liberta,San Rafael Sur Oriental
San Cristóbal,Los Liberta,San Rafael Usme
San Cristóbal,Los Liberta,Santa Rita Sur Oriental
San Cristóbal,Los Liberta,Valparaíso
San Cristóbal,Los Liberta,Antioquia
San Cristóbal,Los Liberta,Canadá La Güira II Sector
San Cristóbal,Los Liberta,El Paraíso Sur Oriental I Sec
San Cristóbal,Los Liberta,El Triunfo
San Cristóbal,Los Liberta,Juan Rey I
San Cristóbal,Los Liberta,Juan Rey II
San Cristóbal,Los Liberta,La Sierra
San Cristóbal,Los Liberta,Los Libertadores (Bque Diamant)
San Cristóbal,Los Liberta,Los Libertadores (Triángulo)
San Cristóbal,Los Liberta,Nueva Delly
San Cristóbal,Los Liberta,Nueva España
San Cristóbal,Los Liberta,Nueva España Parte Alta
San Cristóbal,Los Liberta,Nueva Gloria
San Cristóbal,Los Liberta,Nueva Roma
San Cristóbal,Los Liberta,Nuevas Malvinas o El Triunfo
San Cristóbal,Los Liberta,Rincón de la Victoria - Buenavista
San Cristóbal,Los Liberta,San Germán
San Cristóbal,Los Liberta,Santa Rosa
San Cristóbal,Los Liberta,Yomasa
San Cristóbal,Los Liberta,Villa Angélica
San Cristóbal,La G,Ciudadela Santa Rosa
San Cristóbal,La G,El Quindío
San Cristóbal,20 de ,Ciudad de Londres
San Cristóbal,San,Ramajal
San Cristóbal,San,Sagrada Familia
San Cristóbal,So,Amapolas
San Cristóbal,So,Bello Horizonte
San Cristóbal,So,Bello Horizonte Alto
San Cristóbal,So,Buenos Aires Central
San Cristóbal,So,Buenos Aires Norte
San Cristóbal,So,El Sosiego
San Cristóbal,So,Granada
San Cristóbal,So,Granada Sur
San Cristóbal,So,La Granja
San Cristóbal,So,La Recopilación
San Cristóbal,So,Manzanares
San Cristóbal,So,Modelo Sur
San Cristóbal,So,Mucha Agua
San Cristóbal,So,Nariño Central
San Cristóbal,So,Nariño Sur
San Cristóbal,So,Primero de Mayo
San Cristóbal,So,San Benito
San Cristóbal,So,San Javier
San Cristóbal,So,San Pedro
San Cristóbal,So,Tibanica
San Cristóbal,So,Triángulo
San Cristóbal,So,Villa Javier
San Cristóbal,So,Vivienda El Bosque
San Cristóbal,20 de ,Bello Horizonte
San Cristóbal,Los Liberta,El Balcón de La Castaña
San Cristóbal,Los Liberta,San Miguel
San Cristóbal,Los Liberta,Triángulo de La Paz
San Cristóbal,Sosiego,Altos del Zipa
San Cristóbal,Sosiego,Amapolas II
San Cristóbal,Sosiego,Bellavista Parte Baja
San Cristóbal,Sosiego,Bellavista Sur
San Cristóbal,Sosiego,Bosque de Los Alpes
San Cristóbal,Sosiego,Buenavista Suroriental
San Cristóbal,Sosiego,Cerros de San Vicente
San Cristóbal,Sosiego,Golconda
San Cristóbal,Sosiego,Quinta Ramos
San Cristóbal,Sosiego,República de Venezuela
San Cristóbal,Sosiego,San Cristóbal Sur
San Cristóbal,Sosiego,Santa Ana
San Cristóbal,Sosiego,Santa Ana Sur
San Cristóbal,Sosiego,Velódromo
San Cristóbal,Sosiego,Villa Albania
San Cristóbal,La Gloria,La Grovana
San Cristóbal,La Gloria,La Serafina
San Cristóbal,La Gloria,San Isidro
San Cristóbal,La Gloria,San José
San Cristóbal,La Gloria,San Luis
San Cristóbal,Los Libertadores,Malvinas
San Cristóbal,Los Libertadores,Moralva
San Cristóbal,Los Libertadores,Panorama (Antes Altamira)
San Cristóbal,Los Libertadores,Villa Begonia
San Cristóbal,20 de Julio,San Isidro
San Cristóbal,San Blas,Villa del Cerro
San Cristóbal,San Blas,Villa Aurora
San Cristóbal,San Blas,La Gran Colombia (Nota: Sector de Molinos de Oriente)
San Cristóbal,San Blas,Triángulo Alto
San Cristóbal,San Blas,Triángulo Bajo
San Cristóbal,San Blas,Vereda Altos de San Blas (Nota: Zonas de borde)
San Cristóbal,San Blas,El Pilar
Usme,Gran Yomasa,Arrayanes
Usme,Gran Yomasa,La Regadera
Usme,Gran Yomasa,Las Granjas de San Pedro (Santa Librada)
Usme,Gran Yomasa,Las Viviendas
Usme,Gran Yomasa,Los Tejares Sur
Usme,Gran Yomasa,Nuevo San Andrés de Los Altos
Usme,Gran Yomasa,Olivares
Usme,Gran Yomasa,San Andrés Alto
Usme,Gran Yomasa,San Felipe
Usme,Gran Yomasa,San Isidro Sur
Usme,Gran Yomasa,San Juan Bautista
Usme,Gran Yomasa,San Juan I
Usme,Gran Yomasa,San Juan II
Usme,Gran Yomasa,San Luis
Usme,Gran Yomasa,San Pablo
Usme,Gran Yomasa,Santa Librada
Usme,Gran Yomasa,Santa Librada - La Esperanza
Usme,Gran Yomasa,El Nevado
Usme,Ciudad Usme,Alfonso López Sector Buenos Aires
Usme,Ciudad Usme,Alfonso López Sector Charala
Usme,Ciudad Usme,Alfonso López Sector El Progreso
Usme,Ciudad Usme,Brisas del Llano
Usme,Ciudad Usme,Ciudadela El Oasis
Usme,Ciudad Usme,El Nuevo Portal
Usme,Ciudad Usme,El Paraíso
Usme,Ciudad Usme,El Portal II Etapa
Usme,Ciudad Usme,El Progreso Usme
Usme,Ciudad Usme,El Refugio I
Usme,Ciudad Usme,El Refugio II
Usme,Ciudad Usme,El Triángulo
Usme,Ciudad Usme,El Uval
Usme,Ciudad Usme,El Uval II Sector
Usme,Ciudad Usme,La Huerta
Usme,Ciudad Usme,La Orquídea Usme
Usme,Ciudad Usme,La Reforma
Usme,Ciudad Usme,Nuevo Porvenir
Usme,Ciudad Usme,Nuevo Progreso - El Uval
Usme,Ciudad Usme,Usme Centro
Usme,La Flora,Buenos Aires
Usme,La Flora,Costa Rica
Usme,La Flora,Doña Liliana
Usme,La Flora,El Bosque Km. 11
Usme,La Flora,Juan José Rondón
Usme,La Flora,Juan José Rondón II Sector
Usme,La Flora,Juan Rey Sur
Usme,La Flora,La Cabaña
Usme,La Flora,La Flora - Parcelación San Pedro
Usme,La Flora,Las Violetas
Usme,La Flora,Los Arrayanes
Usme,La Flora,Los Soches
Usme,La Flora,Tihuaque
Usme,La Flora,Unión
Usme,La Flora,Villa Diana
Usme,La Flora,Villa Rosita
Usme,Comuneros,Alaska
Usme,Comuneros,Arrayanes
Usme,Comuneros,Danubio Azul
Usme,Comuneros,Daza Sector II
Usme,Comuneros,Duitama
Usme,Comuneros,El Porvenir
Usme,Comuneros,El Porvenir II Sector
Usme,Comuneros,El Portal (Conjuntos)
Usme,Comuneros,Fiscala II La Fortuna
Usme,Comuneros,Fiscala Sector Centro
Usme,Comuneros,La Fiscala - Los Tres Laureles
Usme,Comuneros,La Fiscala - Lote 16
Usme,Comuneros,La Fiscala - Lote 16A
Usme,Comuneros,La Fiscala Sector Daza
Usme,Comuneros,La Fiscala Sector Norte
Usme,Comuneros,La Fiscala Sector Rodríguez
Usme,Comuneros,La Morena I
Usme,Comuneros,Puerta al Llano
Usme,Comuneros,San Francisco
Usme,Parque Entrenubes,Arrayanes
Usme,Parque Entrenubes,Bolonia
Usme,Parque Entrenubes,El Bosque Central
Usme,Parque Entrenubes,El Nuevo Portal II
Usme,Parque Entrenubes,El Refugio I
Usme,Parque Entrenubes,La Esperanza Sur
Usme,Parque Entrenubes,Los Olivares
Usme,Parque Entrenubes,Pepinitos
Usme,Parque Entrenubes,Tocaimita Oriental
Usme,Parque Entrenubes,Tocaimita Sur
Usme,Chunniza,Betania
Usme,Chunniza,Brazuelo de Usme
Usme,Chunniza,Chunniza
Usme,Chunniza,El Curubo
Usme,Chunniza,El Pedregal - La Lira
Usme,Chunniza,El Salteador
Usme,Chunniza,La Esperanza
Usme,Chunniza,La María
Usme,Chunniza,La Picota - La Esperanza
Usme,Chunniza,Las Brisas
Usme,Chunniza,Las Flores
Usme,Chunniza,Las Mercedes
Usme,Chunniza,Lorenzo Alcantuz I
Usme,Chunniza,Lorenzo Alcantuz II
Usme,Chunniza,Los Altos del Brazuelo
Usme,Chunniza,Marichuela III
Usme,Chunniza,Monteblanco
Usme,Chunniza,Montevídeo
Usme,Chunniza,Nuevo San Luis
Usme,Chunniza,San Joaquín - El Uval
Usme,Chunniza,Sector Granjas de San Pedro
Usme,Chunniza,Tenerife
Usme,Chunniza,Tenerife II
Usme,Chunniza,Urbanización Chuniza I
Usme,Chunniza,Urbanización Jarón Monte Rubio
Usme,Chunniza,Urbanización Líbano
Usme,Zonas Ru,Chisacá
Usme,Zonas Ru,Curibital
Usme,Zonas Ru,El Destino
Usme,Zonas Ru,La Regadera
Usme,Zonas Ru,Los Soches
Usme,Zonas Ru,Uvala
Usme,Alfonso López,Portal del Divino
Usme,Alfonso López,Portal de la Vega
Usme,Alfonso López,Portal de Oriente
Usme,Alfonso López,Nuevo Progreso II Sector
Usme,Alfonso López,El Nuevo Portal II
Usme,Alfonso López,El Portal del Divino
Usme,Alfonso López,La Esmeralda
Usme,Comuneros,La Morena II
Usme,Comuneros,La Morena II (Sector Villa Sandra)
Usme,Comuneros,Nueva Esperanza
Usme,Comuneros,San Martin
Usme,Comuneros,Villa Neiza
Usme,Comuneros,Urbanización Cartagena
Usme,Comuneros,Urbanización La Andrea
Usme,Comuneros,Urbanización Miravalle
Usme,Comuneros,Urbanización Tequendama
Usme,Danubio,Danubio Azul (Sector I y II)
Usme,Danubio,La Fiscala
Usme,Danubio,Daza (Nota: Se considera Sector Fiscala)
Usme,Gran Yomasa,Urbanización Brasilia II Sector
Usme,Gran Yomasa,Urbanización Brasilia Sur
Usme,Gran Yomasa,Urbanización La Aurora II Etapa
Usme,Gran Yomasa,Urbanización San Andrés de Los Altos
Usme,Gran Yomasa,Santa Marta
Usme,Gran Yomasa,Santa Marta II Sector
Usme,Gran Yomasa,Pedregal (Sector Gran Yomasa)
Usme,La Flora,Parcelación San Pedro
Usme,La Flora,Altos del Pino
Usme,La Flora,San German
Usme,Ciudad Usme,Centro Usme
Usme,Ciudad Usme,El Oasis
Usme,Parque Entrenubes,Bolonia
Usme,Parque Entrenubes,San Isidro
Usme,Parque Entrenubes,La Esperanza Sur
Usme,UPR ,Curibital Alto
Usme,UPR ,Curibital Bajo
Usme,UPR ,El Hato
Usme,UPR ,El Uval
Usme,UPR ,Fisgá
Usme,UPR ,La Requilina
Usme,UPR ,Olarte
Usme,UPR ,Serranía
Usme,UPR ,Tihuaque Rural
Usme,UPR ,Tocaimita
Usme,Alfonso López,El Nuevo Portal II
Usme,Alfonso López,El Refugio I
Usme,Alfonso López,El Refugio II
Usme,Alfonso López,El Progreso II Sector
Usme,Alfonso López,Portal del Divino
Usme,Alfonso López,Portal de la Vega
Usme,Alfonso López,Portal de Oriente
Usme,Alfonso López,Urbanización La Aurora II Etapa
Usme,Alfonso López,Altos del Pino
Usme,Alfonso López,El Oasis
Usme,Alfonso López,Villa Nelly
Usme,Comuneros,Danubio
Usme,Comuneros,Danubio Azul (Sector I)
Usme,Comuneros,Danubio Azul (Sector II)
Usme,Comuneros,El Porvenir (Conjuntos)
Usme,Comuneros,Fiscala Los Tres Laureles
Usme,Comuneros,Fiscala Lote 16
Usme,Comuneros,La Morena II (Villa Sandra)
Usme,Comuneros,San Francisco
Usme,Comuneros,Villa Anita
Usme,Comuneros,Vianey
Usme,Danubio,El Espino
Usme,Danubio,El Mortiño
Usme,Danubio,El Rubí
Usme,Danubio,El Tuno
Usme,Danubio,El Virrey (Última Etapa)
Usme,Danubio,Finca La Esperanza
Usme,Gran Yomasa,San Juan II y III Sector
Usme,Gran Yomasa,San Librada Los Tejares
Usme,Gran Yomasa,Santa Librada La Sureña
Usme,Gran Yomasa,Santa Librada Norte
Usme,Gran Yomasa,Santa Librada Sector La Peña
Usme,Gran Yomasa,Santa Marta II
Usme,Gran Yomasa,Urbanización Brasilia
Usme,Gran Yomasa,El Curubo
Usme,Gran Yomasa,Chapinerito
Usme,Gran Yomasa,El Rosal-Mirador
Usme,Gran Yomasa,San Pedro (Sector Gran Yomasa)
Usme,La Flora,San Andrés de Los Altos (Urb. Costa Rica)
Usme,La Flora,San German
Usme,Parque Entrenubes,El Bosque Central
Usme,Parque Entrenubes,Tocaimita (Rural)
Usme,Ciudad Usme,Usme Pueblo (Centro)
Usme,UPR ,Chisacá
Usme,UPR ,Curibital
Usme,UPR ,El Destino
Usme,UPR ,La Regadera
Usme,UPR ,Los Soches (Rural)
Usme,UPR ,Tihuaque (Rural)
Usme,UPR ,Olarte
Usme,UPR ,Fisgá
Usme,UPR ,La Unión (Vereda)
Usme,UPR ,San Benito (Vereda)
Tunjuelito,Venecia,Condado de Santa Lucía
Tunjuelito,Venecia,Conjunto Residencial Nuevo Muzú
Tunjuelito,Venecia,El Carmen
Tunjuelito,Venecia,Escuela de Policía General Santander
Tunjuelito,Venecia,Fátima
Tunjuelito,Venecia,Isla del Sol
Tunjuelito,Venecia,Laguneta
Tunjuelito,Venecia,Nuevo Muzú
Tunjuelito,Venecia,Ontario
Tunjuelito,Venecia,Parque Metropolitano El Tunal
Tunjuelito,Venecia,Parque Real I
Tunjuelito,Venecia,Rincón de Muzú
Tunjuelito,Venecia,Rincón de Nuevo Muzú
Tunjuelito,Venecia,Rincón de Venecia
Tunjuelito,Venecia,Samore
Tunjuelito,Venecia,San Vicente
Tunjuelito,Venecia,San Vicente de Ferrer
Tunjuelito,Venecia,Santa Lucía
Tunjuelito,Venecia,Tejar de Ontario
Tunjuelito,Venecia,Tejar de Ontario - Villa Ximena
Tunjuelito,Venecia,Ciudad Tunal
Tunjuelito,Venecia,Venecia
Tunjuelito,Tunjuelito,Abraham Lincoln
Tunjuelito,Tunjuelito,Abraham Lincoln II
Tunjuelito,Tunjuelito,San Benito
Tunjuelito,Tunjuelito,San Benito Central
Tunjuelito,Tunjuelito,San Carlos
Tunjuelito,Tunjuelito,Tunal Oriental
Tunjuelito,Tunjuelito,Tunjuelito (Barrio)
Tunjuelito,Tunjuelito,Tunjuelito Antiguo
Tunjuelito,Tunjuelito,Área de Artillería (Nota: Uso dotacional)
Bosa,Bosa Occidental,Amaruc
Bosa,Bosa Occidental,Berlín
Bosa,Bosa Occidental,Berlín de Bosa La Libertad III
Bosa,Bosa Occidental,Betania
Bosa,Bosa Occidental,Bosa Nova
Bosa,Bosa Occidental,Bosa Nova II Sector
Bosa,Bosa Occidental,Bosalinda (Hildebrando Olarte)
Bosa,Bosa Occidental,Brasil II Sector
Bosa,Bosa Occidental,Brasil II Segunda Etapa
Bosa,Bosa Occidental,Brasil López y Piñeros
Bosa,Bosa Occidental,Brasil Materas Acacias San Jorge
Bosa,Bosa Occidental,Brasil Sector Barreto
Bosa,Bosa Occidental,Brasil Sector Portal y Castillo
Bosa,Bosa Occidental,Brasilia I Sector
Bosa,Bosa Occidental,Brasilia II Sector
Bosa,Bosa Occidental,Brasilia III Sector
Bosa,Bosa Occidental,Campo Hermoso
Bosa,Bosa Occidental,Casa Nueva
Bosa,Bosa Occidental,Chicó Sur
Bosa,Bosa Occidental,Chicalá
Bosa,Bosa Occidental,Ciudadela La Libertad II
Bosa,Bosa Occidental,Danubio
Bosa,Bosa Occidental,Danubio Azul I
Bosa,Bosa Occidental,Danubio II
Bosa,Bosa Occidental,Danubio III
Bosa,Bosa Occidental,Diamante Sur
Bosa,Bosa Occidental,El Bosque de Bosa
Bosa,Bosa Occidental,El Cauce
Bosa,Bosa Occidental,El Diamante
Bosa,Bosa Occidental,El Jazmín Sector El Triángulo
Bosa,Bosa Occidental,El Libertador
Bosa,Bosa Occidental,El Libertador II
Bosa,Bosa Occidental,El Paradero
Bosa,Bosa Occidental,Escocia
Bosa,Bosa Occidental,Escocia IX Sector
Bosa,Bosa Occidental,Finca El Porvenir Parcela 33
Bosa,Bosa Occidental,Holanda
Bosa,Bosa Occidental,Holanda I Sector
Bosa,Bosa Occidental,Holanda II Sector
Bosa,Bosa Occidental,Holanda III Sector
Bosa,Bosa Occidental,Holanda Sector Caminito
Bosa,Bosa Occidental,Hortelanos de Escocia
Bosa,Bosa Occidental,Jorge Uribe Botero
Bosa,Bosa Occidental,La Cabaña
Bosa,Bosa Occidental,La Concepción
Bosa,Bosa Occidental,La Concepción II Sector
Bosa,Bosa Occidental,La Dulcinea
Bosa,Bosa Occidental,La Esmeralda
Bosa,Bosa Occidental,La Esperanza I
Bosa,Bosa Occidental,La Esperanza II Sector
Bosa,Bosa Occidental,La Estanzuela
Bosa,Bosa Occidental,La Estanzuela II
Bosa,Bosa Occidental,La Florida IV Sector
Bosa,Bosa Occidental,La Fontana de Bosa La Libertad
Bosa,Bosa Occidental,La Fontana I y II
Bosa,Bosa Occidental,La Independencia
Bosa,Bosa Occidental,La Independencia II Sector
Bosa,Bosa Occidental,La Libertad
Bosa,Bosa Occidental,La Libertad II
Bosa,Bosa Occidental,La Libertad III
Bosa,Bosa Occidental,La Libertad IV
Bosa,Bosa Occidental,La Libertad Sector Magnolia
Bosa,Bosa Occidental,La Paz
Bosa,Bosa Occidental,La Paz II Sector
Bosa,Bosa Occidental,La Paz III
Bosa,Bosa Occidental,La Paz San Ignacio
Bosa,Bosa Occidental,La Paz San Ignacio Sector La Esperanza
Bosa,Bosa Occidental,La Paz Sector San Ignacio Las Vegas
Bosa,Bosa Occidental,La Portada
Bosa,Bosa Occidental,La Portada II
Bosa,Bosa Occidental,La Portada III Sector
Bosa,Bosa Occidental,Las Margaritas Sector I y II
Bosa,Bosa Occidental,Las Vegas
Bosa,Bosa Occidental,Los Héroes
Bosa,Bosa Occidental,Los Ocales
Bosa,Bosa Occidental,Nuestra Señora de la Paz
Bosa,Bosa Occidental,Nueva Escocia
Bosa,Bosa Occidental,Nueva Esperanza
Bosa,Bosa Occidental,Porvenir La Concepción
Bosa,Bosa Occidental,Porvenir Parcela 17A y 17B
Bosa,Bosa Occidental,Potreritos
Bosa,Bosa Occidental,San Antonio
Bosa,Bosa Occidental,San Antonio de Bosa
Bosa,Bosa Occidental,San Antonio de Escocia
Bosa,Bosa Occidental,San Antonio de Escocia II
Bosa,Bosa Occidental,San Bernardino
Bosa,Bosa Occidental,San Bernardino Sector II
Bosa,Bosa Occidental,San Bernardino Sector Protrerito
Bosa,Bosa Occidental,San Bernardino Sector Villa Emma
Bosa,Bosa Occidental,San Diego La Paz IV Sector
Bosa,Bosa Occidental,San Fernando N.S. de la Paz
Bosa,Bosa Occidental,San Javier
Bosa,Bosa Occidental,San Joaquín
Bosa,Bosa Occidental,San Jorge
Bosa,Bosa Occidental,San Jorge II
Bosa,Bosa Occidental,San Juanito
Bosa,Bosa Occidental,San Luis
Bosa,Bosa Occidental,San Luis II
Bosa,Bosa Occidental,San Martín
Bosa,Bosa Occidental,Santa Fe Bosa
Bosa,Bosa Occidental,Santa Lucía
Bosa,Bosa Occidental,Sub Santa Lucía
Bosa,Bosa Occidental,Sub Triángulo Las Materas
Bosa,Bosa Occidental,Sub Urb. Claretiana
Bosa,Bosa Occidental,Urbanización La Aurora
Bosa,Bosa Occidental,Urbanización La Esperanza
Bosa,Bosa Occidental,Urbanización La Sultana
Bosa,Bosa Occidental,Urbanización San Pedro
Bosa,Bosa Occidental,Vereda El Porvenir Sector Brasil
Bosa,Bosa Occidental,Villa Carolina
Bosa,Bosa Occidental,Villa Clemencia
Bosa,Bosa Occidental,Villa Clemencia Sector Tierra Grata
Bosa,Bosa Occidental,Villa Colombia
Bosa,Bosa Occidental,Villa Colombia II
Bosa,Bosa Occidental,Villa de Los Comuneros
Bosa,Bosa Central,Andalucía
Bosa,Bosa Central,Andalucía II
Bosa,Bosa Central,Antonia Santos
Bosa,Bosa Central,Argelia
Bosa,Bosa Central,Argelia II
Bosa,Bosa Central,Bosa (Centro)
Bosa,Bosa Central,Bosa La Azucena Mz A
Bosa,Bosa Central,Bosa La Azucena Mz B
Bosa,Bosa Central,Bosa La Estación
Bosa,Bosa Central,Bosa Las Margaritas
Bosa,Bosa Central,Bosa Llano de Bosa (San Eduardo)
Bosa,Bosa Central,Bosa Nova El Porvenir
Bosa,Bosa Central,Carlos Albán
Bosa,Bosa Central,Carlos Albán Holguín Nueva Granada
Bosa,Bosa Central,Carlos Albán Sector Israelita
Bosa,Bosa Central,Carlos Albán Sector Miraflores
Bosa,Bosa Central,Charles de Gaulle
Bosa,Bosa Central,Charles de Gaulle II
Bosa,Bosa Central,Claretiano
Bosa,Bosa Central,El Jardín
Bosa,Bosa Central,El Jardín San Eugenio
Bosa,Bosa Central,El Llano (Sector Guzmán)
Bosa,Bosa Central,El Llano Mz A
Bosa,Bosa Central,El Llano Sector Fandiño
Bosa,Bosa Central,El Palmar
Bosa,Bosa Central,El Portal I y II Sector
Bosa,Bosa Central,El Progreso
Bosa,Bosa Central,El Retazo
Bosa,Bosa Central,El Triunfo (Sector Bosa Central)
Bosa,Bosa Central,Gran Colombiano
Bosa,Bosa Central,Gran Colombiano II Sector
Bosa,Bosa Central,Gualoche
Bosa,Bosa Central,Hermanos Barragán
Bosa,Bosa Central,Humberto Valencia I
Bosa,Bosa Central,Humberto Valencia II
Bosa,Bosa Central,Islandia
Bosa,Bosa Central,Islandia II Sector
Bosa,Bosa Central,Islandia III Sector
Bosa,Bosa Central,Jiménez de Quesada
Bosa,Bosa Central,Jiménez de Quesada II Sector
Bosa,Bosa Central,José Antonio Galán
Bosa,Bosa Central,José María Carbonell I Sector
Bosa,Bosa Central,José María Carbonell II Sector
Bosa,Bosa Central,La Amistad
Bosa,Bosa Central,La Aurora
Bosa,Bosa Central,La Azucena
Bosa,Bosa Central,La Azucena Sector El Triángulo
Bosa,Bosa Central,La Cruz de Terreros
Bosa,Bosa Central,La Ele II Sector Los Laureles
Bosa,Bosa Central,La Esmeralda
Bosa,Bosa Central,La Esperanza de Tibanica
Bosa,Bosa Central,La Estación
Bosa,Bosa Central,La Paz San Ignacio
Bosa,Bosa Central,Las Margaritas
Bosa,Bosa Central,Las Margaritas III
Bosa,Bosa Central,Laureles La Estación
Bosa,Bosa Central,Laureles III Sector
Bosa,Bosa Central,Llano Oriental
Bosa,Bosa Central,Los Centauros
Bosa,Bosa Central,Los Laureles del Sur
Bosa,Bosa Central,Los Naranjos
Bosa,Bosa Central,Los Sauces
Bosa,Bosa Central,Los Sauces Sector Los Cedros
Bosa,Bosa Central,Macarena La Y
Bosa,Bosa Central,Manzanares
Bosa,Bosa Central,Naranjos El Retazo
Bosa,Bosa Central,Nicolás Escobar
Bosa,Bosa Central,Nueva Granada
Bosa,Bosa Central,Nueva Granada II Sector
Bosa,Bosa Central,Nueva Granada V Sector
Bosa,Bosa Central,Osorio X
Bosa,Bosa Central,Osorio XIII
Bosa,Bosa Central,Pablo VI
Bosa,Bosa Central,Paso Ancho
Bosa,Bosa Central,Piamonte
Bosa,Bosa Central,Providencia
Bosa,Bosa Central,Riviera II
Bosa,Bosa Central,Rubén Galán
Bosa,Bosa Central,Sabio Caldas
Bosa,Bosa Central,San Diego
Bosa,Bosa Central,San Eugenio
Bosa,Bosa Central,San Eugenio II
Bosa,Bosa Central,San José Los Naranjos
Bosa,Bosa Central,San Judas B
Bosa,Bosa Central,San Pablo I Sector
Bosa,Bosa Central,San Pablo II Sector
Bosa,Bosa Central,Santa Fe
Bosa,Bosa Central,Santa Lucía
Bosa,Bosa Central,Santa Marta Casa Caída
Bosa,Bosa Central,Sub Urbanización Claretiana
Bosa,Bosa Central,Tívoli
Bosa,Bosa Central,Urbanización El Tanque de Bosa
Bosa,Bosa Central,Urbanización Getsemaní
Bosa,Bosa Central,Urbanización La Avenida Bosa
Bosa,Bosa Central,Urbanización Llano Oriental
Bosa,Bosa Central,Urbanización Tanque de Bosa
Bosa,Bosa Central,Vereda Sector San José Villa Anay
Bosa,Bosa Central,Villa Anay
Bosa,Bosa Central,Villa Nohora
Bosa,Bosa Central,Villas del Progreso
Bosa,Bosa Central,Villa Karen
Bosa,Bosa Central,Villa Karen El Recreo
Bosa,Bosa Central,Xochimilco
Bosa,Bosa Central,Yuli Fernanda
Bosa,El Porvenir,Antonio Nariño
Bosa,El Porvenir,Bosa Nova El Porvenir
Bosa,El Porvenir,Caldas
Bosa,El Porvenir,Campo Hermoso
Bosa,El Porvenir,Cañaveralejo
Bosa,El Porvenir,Casa Nueva
Bosa,El Porvenir,Chicó Sur
Bosa,El Porvenir,Chicalá
Bosa,El Porvenir,Ciudadela La Libertad II
Bosa,El Porvenir,El Anhelo
Bosa,El Porvenir,El Corzo Desarrollo
Bosa,El Porvenir,El Porvenir II Sector
Bosa,El Porvenir,El Porvenir III
Bosa,El Porvenir,El Porvenir Sector Brasil
Bosa,El Porvenir,El Porvenir San Luis
Bosa,El Porvenir,El Progreso II Sector
Bosa,El Porvenir,El Recuerdo
Bosa,El Porvenir,El Recuerdo 4 A
Bosa,El Porvenir,El Recuerdo II
Bosa,El Porvenir,El Recuerdo de Santa Fe
Bosa,El Porvenir,Los Eucaliptos
Bosa,El Porvenir,Paso Ancho
Bosa,El Porvenir,Villa Carolina
Bosa,El Porvenir,Villa Clemencia
Bosa,El Porvenir,Villa Clemencia Sector Tierra Grata
Bosa,El Porvenir,Villa Colombia
Bosa,El Porvenir,Villa Esmeralda
Bosa,Tintal Sur,Ciudadela El Recreo
Bosa,Tintal Sur,El Matorral
Bosa,Tintal Sur,El Matorral de San Bernardino
Bosa,Tintal Sur,El Triunfo
Bosa,Tintal Sur,El Triunfo de San Bernardino
Bosa,Tintal Sur,Kasay de los Venados (en Ciudadela El Recreo)
Bosa,Tintal Sur,La Vega de San Bernardino Bajo
Bosa,Tintal Sur,Potreritos
Bosa,Tintal Sur,San Bernardino Sector Potrerito
Bosa,Tintal Sur,San Bernardino XVI
Bosa,Tintal Sur,San Bernardino XVII
Bosa,Tintal Sur,San Bernardino XVIII
Bosa,Tintal Sur,San Bernardino XIX
Bosa,Tintal Sur,San Bernardino XXII
Bosa,Tintal Sur,San Bernardino XXV
Bosa,Tintal Sur,Santa Mónica I-IV etapas (en Ciudadela El Recreo)
Bosa,Tintal Sur,Vereda San José Sector II
Bosa,Tintal Sur,Villas de Vizcaya (en Ciudadela El Recreo)
Kennedy,Castilla,Aloha Sector Norte
Kennedy,Castilla,Andalucía
Kennedy,Castilla,Andalucía II Sector
Kennedy,Castilla,Agrupación de Vivienda Pío XII
Kennedy,Castilla,Bavaria
Kennedy,Castilla,Bavaria Techo II Sector I Etapa
Kennedy,Castilla,Bavaria Techo II Sector II Etapa
Kennedy,Castilla,Bosques de Castilla
Kennedy,Castilla,Castilla (Barrio)
Kennedy,Castilla,Ciudad Don Bosco
Kennedy,Castilla,Ciudad Favidi
Kennedy,Castilla,Ciudad Techo 1
Kennedy,Castilla,El Castillo
Kennedy,Castilla,El Condado de la Paz
Kennedy,Castilla,El Rincón de Castilla
Kennedy,Castilla,El Rincón de Los Ángeles
Kennedy,Castilla,El Tintal
Kennedy,Castilla,El Vergel
Kennedy,Castilla,El Vergel Occidental
Kennedy,Castilla,Lagos de Castilla
Kennedy,Castilla,Las Dos Avenidas I Etapa
Kennedy,Castilla,Las Dos Avenidas II Etapa
Kennedy,Castilla,Monterrey
Kennedy,Castilla,Nuestra Señora de la Paz
Kennedy,Castilla,Perpetuo Socorro II
Kennedy,Castilla,Pío XII
Kennedy,Castilla,San Juan del Castillo
Kennedy,Castilla,San José Occidental
Kennedy,Castilla,Santa Catalina Sector I
Kennedy,Castilla,Santa Catalina Sector II
Kennedy,Castilla,Santa Cecilia
Kennedy,Castilla,Urbanización Bavaria
Kennedy,Castilla,Urbanización Castilla La Nueva
Kennedy,Castilla,Urbanización Castilla Los Mandriles
Kennedy,Castilla,Urbanización Castilla Real
Kennedy,Castilla,Urbanización Castilla Reservado
Kennedy,Castilla,Urbanización Catania
Kennedy,Castilla,Urbanización Pío XII
Kennedy,Castilla,Urbanización Pío XII Valladolid
Kennedy,Castilla,Villa Galante
Kennedy,Castilla,Villa Liliana
Kennedy,Castilla,Villa Mariana
Kennedy,Castilla,Visión de Colombia
Bosa,Apogeo,Agrupación Multifamiliar Villa Emilia
Bosa,Apogeo,Andalucía (Desarrollo)
Bosa,Apogeo,Carboquímica Ltda
Bosa,Apogeo,Cementerio
Bosa,Apogeo,Ciudadela Industrial R.C.
Bosa,Apogeo,Class
Bosa,Apogeo,El Motorista
Bosa,Apogeo,El Portal San Bernardino
Bosa,Apogeo,Fábrica General Electric
Bosa,Apogeo,Finca San Nicolás
Bosa,Apogeo,Hermanos Barragán
Bosa,Apogeo,Industrial
Bosa,Apogeo,Induagro Ltda
Bosa,Apogeo,Jaqueline
Bosa,Apogeo,Jardines del Apogeo
Bosa,Apogeo,José Antonio Galán (Desarrollo)
Bosa,Apogeo,La Estación
Bosa,Apogeo,La Ilusión (Desarrollo)
Bosa,Apogeo,La Riviera
Bosa,Apogeo,La Estancia
Bosa,Apogeo,Movil Oil Company
Bosa,Apogeo,Nicolás Escobar
Bosa,Apogeo,Nuevo Chile
Bosa,Apogeo,Olarte (Urbanización)
Bosa,Apogeo,Panaco-Indega
Bosa,Apogeo,Predio La Vega
Bosa,Apogeo,Primavera Sur
Bosa,Apogeo,Providencia
Bosa,Apogeo,San Eugenio
Bosa,Apogeo,San Eugenio II
Bosa,Apogeo,San Isidro
Bosa,Apogeo,San Bernardino
Bosa,Apogeo,San Bernardino Sector II
Bosa,Apogeo,San Bernardino Sector Potrerito
Bosa,Apogeo,San Bernardino Sector Villa Emma
Bosa,Apogeo,Topluz
Bosa,Apogeo,Urbanización Clarelandia del Sur
Bosa,Apogeo,Urbanización Gecolsa
Bosa,Apogeo,Urbanización Villa del Río
Bosa,Apogeo,Urbanización Villa Ñora
Bosa,Apogeo,Villa del Río II - VII Etapas
Kennedy,Américas,Agrupación Pío X
Kennedy,Américas,Alférez Real
Kennedy,Américas,Aloha
Kennedy,Américas,Alsacia
Kennedy,Américas,Américas Central
Kennedy,Américas,Américas Sector Galán
Kennedy,Américas,Antiguo Hipódromo de Techo II Etapa
Kennedy,Américas,Áticos de las Américas
Kennedy,Américas,Cooperativa de Suboficiales
Kennedy,Américas,El Condado de la Paz
Kennedy,Américas,La Igualdad I Sector
Kennedy,Américas,La Igualdad II Sector
Kennedy,Américas,La Llanura Manzana P
Kennedy,Américas,Las Américas
Kennedy,Américas,Los Pinos de Marsella
Kennedy,Américas,Los Sauces (Sauces Robles)
Kennedy,Américas,Lusitania
Kennedy,Américas,Marsella
Kennedy,Américas,Marsella Sector Norte I y II
Kennedy,Américas,Multifamiliares La Paz El Ferrol
Kennedy,Américas,Nuestra Señora de La Paz
Kennedy,Américas,San José Occidental
Kennedy,Américas,Talavera de la Reina (Agrupación de Vivienda Talavera)
Kennedy,Américas,Unidad Oviedo
Kennedy,Américas,Urbanización Bavaria
Kennedy,Américas,Villa Adriana
Kennedy,Carvajal,Alquería de la Fragua
Kennedy,Carvajal,Alquerías de la Fragua Sector San Pedro
Kennedy,Carvajal,Alquerías de la Fragua Sector Santa Yolanda
Kennedy,Carvajal,Carvajal
Kennedy,Carvajal,Carvajal II Sector
Kennedy,Carvajal,Carvajal Osorio
Kennedy,Carvajal,Carvajal Techo I Sector
Kennedy,Carvajal,Condado El Rey
Kennedy,Carvajal,Desarrollo Nueva York
Kennedy,Carvajal,El Progreso I Sector
Kennedy,Carvajal,El Progreso II Sector
Kennedy,Carvajal,El Triángulo
Kennedy,Carvajal,Favidi (Conjunto Residencial)
Kennedy,Carvajal,Fundadores
Kennedy,Carvajal,Jardines de Castilla
Kennedy,Carvajal,La Chucua
Kennedy,Carvajal,Las Delicias
Kennedy,Carvajal,Provivienda
Kennedy,Carvajal,Provivienda Oriental
Kennedy,Carvajal,Renania (Antes La Chucua)
Kennedy,Carvajal,Urbanización Carvajal
Kennedy,Carvajal,Urbanización Los Pinos
Kennedy,Carvajal,Valencia La Chucua
Kennedy,Carvajal,Villa Adriana
Kennedy,Carvajal,Villa Lucerna
Kennedy,Kennedy Central,Abraham Lincoln
Kennedy,Kennedy Central,Bertha Hernández de Ospina (Urbanización)
Kennedy,Kennedy Central,Camilo Torres
Kennedy,Kennedy Central,Centroamérica (Urbanización)
Kennedy,Kennedy Central,Ciudad Kennedy Central
Kennedy,Kennedy Central,Ciudad Kennedy Norte
Kennedy,Kennedy Central,Ciudad Kennedy Occidental
Kennedy,Kennedy Central,Ciudad Kennedy Oriental
Kennedy,Kennedy Central,Ciudad Kennedy Sur
Kennedy,Kennedy Central,Ciudad Kennedy Súper Manzana 10
Kennedy,Kennedy Central,Ciudad Kennedy Súper Manzana 13
Kennedy,Kennedy Central,Conjunto Residencial Manuel Mejía
Kennedy,Kennedy Central,El Descanso
Kennedy,Kennedy Central,El Jordán
Kennedy,Kennedy Central,El Jordán II y III
Kennedy,Kennedy Central,El Palenque
Kennedy,Kennedy Central,El Porvenir II Sector
Kennedy,Kennedy Central,Kennedy Norte Súper Manzana 11
Kennedy,Kennedy Central,La Unidad
Kennedy,Kennedy Central,Mandalay I Sector
Kennedy,Kennedy Central,Mandalay Etapa A Sector II
Kennedy,Kennedy Central,Nuevo Kennedy El Descanso
Kennedy,Kennedy Central,Onasis
Kennedy,Kennedy Central,Sagrado Corazón
Kennedy,Kennedy Central,San Martín de Porres
Kennedy,Kennedy Central,Santa Catalina
Kennedy,Kennedy Central,Urbanización El Parque
Kennedy,Kennedy Central,Urbanización Kennedy Súper Manzana 8
Kennedy,Kennedy Central,Urbanización Santa Luisa
Kennedy,Kennedy Central,Vasconia II
Kennedy,Kennedy Central,Villa de los Sauces
Kennedy,Kennedy Central,Villa Rica
Kennedy,Kennedy Central,Visión de Colombia
Kennedy,Timiza,ACIP
Kennedy,Timiza,Alameda de Timiza
Kennedy,Timiza,Alfonso Montaña
Kennedy,Timiza,Berlín
Kennedy,Timiza,Boitá
Kennedy,Timiza,Boitá I Sector
Kennedy,Timiza,Boitá II Sector
Kennedy,Timiza,Casa Loma
Kennedy,Timiza,Catalina
Kennedy,Timiza,Catalina II
Kennedy,Timiza,El Paraíso
Kennedy,Timiza,Granada
Kennedy,Timiza,Humberto Valencia
Kennedy,Timiza,La Amistad
Kennedy,Timiza,Lago Timiza I y II Etapa
Kennedy,Timiza,Las Luces
Kennedy,Timiza,Miraflores
Kennedy,Timiza,Monterrey
Kennedy,Timiza,Nueva Timiza
Kennedy,Timiza,Olivos (Los)
Kennedy,Timiza,Pastranita III
Kennedy,Timiza,Río Bravo
Kennedy,Timiza,Roma
Kennedy,Timiza,Sacramento
Kennedy,Timiza,San Andrés
Kennedy,Timiza,San Jorge I y II
Kennedy,Timiza,San Vicente Ferrer
Kennedy,Timiza,Santa Catalina
Kennedy,Timiza,Sumapaz
Kennedy,Timiza,Timiza
Kennedy,Timiza,Tito Puente
Kennedy,Timiza,Tocarema
Kennedy,Timiza,Urbanización El Edén
Kennedy,Timiza,Urbanización La Unidad
Kennedy,Timiza,Urbanización Rincón de los Reyes
Kennedy,Timiza,Urbanización San Pedro
Kennedy,Timiza,Urbanización Techo
Kennedy,Timiza,Vegas de Santa Ana
Kennedy,Timiza,Villa de los Sauces
Kennedy,Timiza,Villa Nelly
Kennedy,Tintal Norte,El Tintal
Kennedy,Tintal Norte,El Tintal II
Kennedy,Tintal Norte,El Tintal III
Kennedy,Tintal Norte,El Tintal IV
Kennedy,Tintal Norte,La Magdalena
Kennedy,Tintal Norte,Sabana Grande
Kennedy,Tintal Norte,Santa Paz-Santa Elvira
Kennedy,Tintal Norte,Vereda El Tintal
Kennedy,Tintal Norte,Vereda El Tintal Urbano
Kennedy,Tintal Norte,Vereda El Tintal Rural
Kennedy,Calandaima,Calandaima
Kennedy,Calandaima,Ciudadela Primavera
Kennedy,Calandaima,Ciudadela Tierra Buena
Kennedy,Calandaima,Conjunto Residencial Gerona del Tintal
Kennedy,Calandaima,Galán
Kennedy,Calandaima,Osorio
Kennedy,Calandaima,Osorio - Tintalá
Kennedy,Calandaima,Santa Fe del Tintal
Kennedy,Calandaima,Tintalá
Kennedy,Calandaima,Urbanización Unir Uno (Predio Calandaima)
Kennedy,Corabastos,Amparo Cañizares
Kennedy,Corabastos,Corabastos
Kennedy,Corabastos,Cayetano Cañizares
Kennedy,Corabastos,Chucua de la Vaca
Kennedy,Corabastos,El Amparo
Kennedy,Corabastos,El Llanito
Kennedy,Corabastos,El Olivo
Kennedy,Corabastos,El Portal de Patio Bonito
Kennedy,Corabastos,El Saucedal
Kennedy,Corabastos,Llano Grande
Kennedy,Corabastos,María Paz
Kennedy,Corabastos,Pinar del Río
Kennedy,Corabastos,Pinar del Río II
Kennedy,Corabastos,San Carlos
Kennedy,Corabastos,Villa de la Loma
Kennedy,Corabastos,Villa de la Loma II Sector Mz 31 y 32
Kennedy,Gran Britalia,Alfonso López Michelsen
Kennedy,Gran Britalia,Altamar
Kennedy,Gran Britalia,Bellavista
Kennedy,Gran Britalia,Campo Hermoso
Kennedy,Gran Britalia,Casablanca Sur
Kennedy,Gran Britalia,Class
Kennedy,Gran Britalia,El Almenar
Kennedy,Gran Britalia,El Carmelo
Kennedy,Gran Britalia,El Pencil
Kennedy,Gran Britalia,El Porvenir (Britalia)
Kennedy,Gran Britalia,El Progreso I y II Sector
Kennedy,Gran Britalia,El Triángulo
Kennedy,Gran Britalia,Floralía I y II Sector
Kennedy,Gran Britalia,Gran Britalia
Kennedy,Gran Britalia,La Esperanza
Kennedy,Gran Britalia,La María
Kennedy,Gran Britalia,Nueva Esperanza
Kennedy,Gran Britalia,Parques del Tintal (Campo Alegre Londoño)
Kennedy,Gran Britalia,Pastranita I Sector
Kennedy,Gran Britalia,Vereda La Balsa
Kennedy,Gran Britalia,Villa Anita
Kennedy,Gran Britalia,Villa Clemencia Sector Villa Grata
Kennedy,Gran Britalia,Villa Nelly
Kennedy,Gran Britalia,Villa Nelly - Los Alisos
Kennedy,Gran Britalia,Villa Nelly III Sector
Localidad,,Barrio
Kennedy,Patio Bonito,Altamar
Kennedy,Patio Bonito,Avenida Cundinamarca
Kennedy,Patio Bonito,Barranquillita
Kennedy,Patio Bonito,Bellavista
Kennedy,Patio Bonito,Campo Hermoso
Kennedy,Patio Bonito,Ciudad de Cali
Kennedy,Patio Bonito,Ciudad Galán
Kennedy,Patio Bonito,Ciudad Granada
Kennedy,Patio Bonito,Dindalito
Kennedy,Patio Bonito,El Paraíso
Kennedy,Patio Bonito,El Patio III Sector
Kennedy,Patio Bonito,El Rosario
Kennedy,Patio Bonito,El Rosario III
Kennedy,Patio Bonito,El Saucedal
Kennedy,Patio Bonito,El Triunfo
Kennedy,Patio Bonito,Horizonte Occidente
Kennedy,Patio Bonito,Jazmín Occidental
Kennedy,Patio Bonito,La Rivera
Kennedy,Patio Bonito,La Rivera II Sector
Kennedy,Patio Bonito,Las Acacias
Kennedy,Patio Bonito,Las Brisas
Kennedy,Patio Bonito,Las Palmeras
Kennedy,Patio Bonito,Las Palmitas
Kennedy,Patio Bonito,Las Vegas
Kennedy,Patio Bonito,Los Almendros
Kennedy,Patio Bonito,Nueva Esperanza
Kennedy,Patio Bonito,Parques del Tintal (Campo Alegre Londoño)
Kennedy,Patio Bonito,Patio Bonito I
Kennedy,Patio Bonito,Patio Bonito II Sector
Kennedy,Patio Bonito,Puente La Vega
Kennedy,Patio Bonito,San Dionisio
Kennedy,Patio Bonito,San Marino
Kennedy,Patio Bonito,Santa Mónica
Kennedy,Patio Bonito,Sector II Altamar
Kennedy,Patio Bonito,Sumapaz
Kennedy,Patio Bonito,Tayrona
Kennedy,Patio Bonito,Tintalito
Kennedy,Patio Bonito,Tintalito II
Kennedy,Patio Bonito,Tocarema
Kennedy,Patio Bonito,Urb. Dindalito I Etapa
Kennedy,Patio Bonito,Villa Alexandra
Kennedy,Patio Bonito,Villa Andrés
Kennedy,Patio Bonito,Villa Hermosa
Kennedy,Patio Bonito,Villa Mendoza
Kennedy,Las Margaritas,Las Margaritas
Kennedy,Las Margaritas,Osorio XI
Kennedy,Las Margaritas,Osorio XII
Kennedy,Las Margaritas,Portal Américas (Parte)
Kennedy,Bavaria ,Aloha
Kennedy,Bavaria ,Alsacia
Kennedy,Bavaria ,Áticos de las Américas
Kennedy,Bavaria ,Cooperativa de Suboficiales
Kennedy,Bavaria ,El Condado de la Paz
Kennedy,Bavaria ,Los Pinos de Marsella
Kennedy,Bavaria ,Lucitania
Kennedy,Bavaria ,Marsella
Kennedy,Bavaria ,Marsella Sector Norte I y II
Kennedy,Bavaria ,Multifamiliares La Paz El Ferrol
Kennedy,Bavaria ,Nuestra Señora de La Paz
Kennedy,Bavaria ,San José Occidental
Kennedy,Bavaria ,Unidad Oviedo
Kennedy,Bavaria ,Urbanización Bavaria
Fontibón,Fontibón C,Arabia
Fontibón,Fontibón C,Atahualpa
Fontibón,Fontibón C,Azul
Fontibón,Fontibón C,Boston
Fontibón,Fontibón C,Centro A
Fontibón,Fontibón C,Conjunto Residencial Parques de Modelia
Fontibón,Fontibón C,Conjunto Residencial Villa Beatriz
Fontibón,Fontibón C,El Carmen
Fontibón,Fontibón C,El Cuco Sector La Estancia
Fontibón,Fontibón C,El Guadual
Fontibón,Fontibón C,El Jordán
Fontibón,Fontibón C,El Pedregal
Fontibón,Fontibón C,El Rubí
Fontibón,Fontibón C,Fontibón Centro
Fontibón,Fontibón C,La Cabaña
Fontibón,Fontibón C,La Giralda
Fontibón,Fontibón C,La Laguna
Fontibón,Fontibón C,La Perla
Fontibón,Fontibón C,Las Flores
Fontibón,Fontibón C,Las Brisas
Fontibón,Fontibón C,Palestina
Fontibón,Fontibón C,Rincón Santo
Fontibón,Fontibón C,Salamanca
Fontibón,Fontibón C,San Pedro y Santa Ana (parte)
Fontibón,Fontibón C,San Pedro Los Robles
Fontibón,Fontibón C,Torcoroma
Fontibón,Fontibón C,Unidad Residencial Montecarlo
Fontibón,Fontibón C,Urbanización Laredo
Fontibón,Fontibón C,Urbanización Los Cámbulos
Fontibón,Fontibón C,Urbanización Salamanca
Fontibón,Fontibón C,Urbanización Santiago
Fontibón,Fontibón C,Valle Verde
Fontibón,Fontibón C,Versalles
Fontibón,Fontibón C,Villa Carmenza
Fontibón,Fontibón C,La Estación (parte)
Fontibón,Fontibón San ,Ambalema
Fontibón,Fontibón San ,Bohíos de Hunza I y II
Fontibón,Fontibón San ,Bohíos de Hunza III
Fontibón,Fontibón San ,El Paraíso
Fontibón,Fontibón San ,El Portal
Fontibón,Fontibón San ,El Refugio
Fontibón,Fontibón San ,El Triángulo
Fontibón,Fontibón San ,Florencia
Fontibón,Fontibón San ,Jericó
Fontibón,Fontibón San ,La Aldea
Fontibón,Fontibón San ,La Zelfita
Fontibón,Fontibón San ,Prados de la Alameda
Fontibón,Fontibón San ,Puente Grande
Fontibón,Fontibón San ,San Pablo
Fontibón,Fontibón San ,Selva Dorada
Fontibón,Fontibón San ,Villa Liliana
Fontibón,Fontibón San ,HB
Fontibón,Fontibón San ,Recodo
Fontibón,Zona F,Cassandra
Fontibón,Zona F,El Charco
Fontibón,Zona F,El Chircal
Fontibón,Zona F,La Estancia Camino de Salazar
Fontibón,Zona F,Moravia
Fontibón,Zona F,Centenario
Fontibón,Zona F,Zona Franca
Fontibón,Ciudad Salitre Occid,Ciudad Salitre Occidental
Fontibón,Ciudad Salitre Occid,Carlos Lleras
Fontibón,Ciudad Salitre Occid,La Esperanza Norte
Fontibón,Ciudad Salitre Occid,Sausalito
Fontibón,Granjas de ,Ciudad Hayuelos
Fontibón,Granjas de ,Granjas de Techo
Fontibón,Granjas de ,Montevideo
Fontibón,Granjas de ,Paraíso Bavaria
Fontibón,Granjas de ,Visión Semi Industrial
Fontibón,Mo,Ciudad Modelia
Fontibón,Mo,Fuente del Dorado II Etapa
Fontibón,Mo,Rincón de Modelia
Fontibón,Mo,Santa Cecilia
Fontibón,Mo,Urbanización Barrio Capellanía
Fontibón,Capel,Conjunto Residencial La Cofradía
Fontibón,Capel,La Rosita
Fontibón,Capel,Puerta de Teja
Fontibón,Capel,San José El Jardín
Fontibón,Capel,Veracruz
Fontibón,Aeropuerto El D,El Bogotano Primer Sector
Fontibón,Aeropuerto El D,Las Navetas
Fontibón,Aeropuerto El D,Pueblo Viejo
Engativá,Las F,Acapulco
Engativá,Las F,Alejandría
Engativá,Las F,Bellavista
Engativá,Las F,Bellavista Occidental
Engativá,Las F,Bonanza
Engativá,Las F,Bosque Popular
Engativá,Las F,Cataluña
Engativá,Las F,Ciudad de Honda
Engativá,Las F,El Dorado Norte
Engativá,Las F,El Gualí
Engativá,Las F,El Laurel
Engativá,Las F,El Manantial
Engativá,Las F,El Paseo
Engativá,Las F,El Trébol
Engativá,Las F,La Bonanza
Engativá,Las F,La Cabaña
Engativá,Las F,La Estrada
Engativá,Las F,La Estradita
Engativá,Las F,La Europa
Engativá,Las F,La Marcela
Engativá,Las F,La Reliquia
Engativá,Las F,Las Ferias
Engativá,Las F,Las Ferias Occidental
Engativá,Las F,Las Galias
Engativá,Las F,Metrópolis
Engativá,Las F,Palo Blanco
Engativá,Las F,Santo Domingo
Engativá,Minuto de,Engativá Pueblo (parte)
Engativá,Minuto de,Luis Carlos Galán
Engativá,Minuto de,Minuto de Dios
Engativá,Minuto de,Morisco
Engativá,Minuto de,París Gaitán
Engativá,Minuto de,Primavera Norte
Engativá,Boyacá,Boyacá
Engativá,Boyacá,El Carmelo
Engativá,Boyacá,El Refugio
Engativá,Boyacá,Florencia
Engativá,Boyacá,Florida Blanca
Engativá,Boyacá,La Almería
Engativá,Boyacá,La Granja
Engativá,Boyacá,La Salina
Engativá,Boyacá,La Soledad Norte
Engativá,Boyacá,Los Pinos Florencia
Engativá,Boyacá,Maratu
Engativá,Boyacá,París
Engativá,Boyacá,Santa Helenita
Engativá,Boyacá,Santa María del Lago
Engativá,Boyacá,Santa Rosita
Engativá,Boyacá,Tabora
Engativá,Boyacá,Veracruz
Engativá,Boyacá,Zarzamora
Engativá,Santa Ce,Engativá El Dorado
Engativá,Santa Ce,El Cedro
Engativá,Santa Ce,El Gaco
Engativá,Santa Ce,El Pedregal
Engativá,Santa Ce,El Porvenir
Engativá,Santa Ce,La Clarita
Engativá,Santa Ce,La Española
Engativá,Santa Ce,La Florida
Engativá,Santa Ce,La Soledad
Engativá,Santa Ce,Santa Cecilia
Engativá,Santa Ce,Villa Luz
Engativá,Bo,Bolivia
Engativá,Bo,Garcés Navas Oriental
Engativá,Bo,Gran Granada
Engativá,Bo,Quirigua
Engativá,Bo,Villas del Dorado-San Antonio
Engativá,Garcés ,Álamos
Engativá,Garcés ,Álamos Norte
Engativá,Garcés ,Andalucía Parques
Engativá,Garcés ,Bosques de Mariana
Engativá,Garcés ,El Cedro
Engativá,Garcés ,Garcés Navas
Engativá,Garcés ,Los Ángeles
Engativá,Garcés ,Molinos de Viento
Engativá,Garcés ,Plazuelas del Virrey
Engativá,Garcés ,San Basilio
Engativá,Garcés ,Santa Mónica
Engativá,Garcés ,Villa Amalia
Engativá,Garcés ,Villa Sagrario
Engativá,Garcés ,Villas de Granada
Engativá,Garcés ,Villas del Madrigal
Engativá,Eng,Alameda
Engativá,Eng,Centauros del Danubio
Engativá,Eng,El Cedro
Engativá,Eng,El Mirador
Engativá,Eng,El Muelle
Engativá,Eng,El Palmar
Engativá,Eng,El Triángulo
Engativá,Eng,El Verdún
Engativá,Eng,Engativá Centro
Engativá,Eng,Granjas El Dorado
Engativá,Eng,La Cabaña
Engativá,Eng,La Esperanza
Engativá,Eng,La Faena
Engativá,Eng,La Riviera
Engativá,Eng,La Torquigua
Engativá,Eng,Santa Lucía Norte
Engativá,Eng,Las Mercedes
Engativá,Eng,Las Palmas
Engativá,Eng,Linterama
Engativá,Eng,Los Laureles
Engativá,Eng,Los Laureles-Sabanas El Dorado
Engativá,Eng,Marandú
Engativá,Eng,Porvenir
Engativá,Jardín Bot,Jardín Botánico
Engativá,Jardín Bot,Normandía
Engativá,Jardín Bot,Salitre Nor-Occidental (parte)
Engativá,Á,Álamos (parte)
Engativá,Á,Álamos Industrial
Engativá,Á,El Dorado Industrial
Engativá,Á,El Mortiño
Engativá,Á,Puerta del Sol
Engativá,Á,San Antonio (parte)
Suba,La Aca,La Academia
Suba,Guay,Conejera
Suba,Guay,Guaymaral
Suba,San José de Ba,Gibraltar
Suba,San José de Ba,Guicani
Suba,San José de Ba,Mirandela
Suba,San José de Ba,Nueva Zelandia
Suba,San José de Ba,Oikos
Suba,San José de Ba,San Felipe
Suba,San José de Ba,San José de Bavaria
Suba,San José de Ba,Santa Catalina
Suba,San José de Ba,Tejares del Norte
Suba,San José de Ba,Villanova
Suba,San José de Ba,Villa del Prado
Suba,San José de Ba,Villa Lucy
Suba,La Alh,Alhambra
Suba,La Alh,El Batán
Suba,La Alh,El Recreo de los Frailes
Suba,La Alh,Estoril
Suba,La Alh,Ilarco
Suba,La Alh,Malibú
Suba,La Alh,Mónaco
Suba,La Alh,Pasadena
Suba,Casablanca,Atenas
Suba,Casablanca,Calatayud
Suba,Casablanca,Casa Blanca I
Suba,Casablanca,Casa Blanca II
Suba,Casablanca,Casa Blanca Suba
Suba,Casablanca,Casa Blanca Sec El Plan
Suba,Casablanca,Casa Blanca Sec La Gruta
Suba,Casablanca,Del Monte
Suba,Casablanca,El Velero
Suba,Casablanca,Escuela de Carabineros
Suba,Casablanca,Potrerillo
Suba,Casablanca,Potrerillos de Suba
Suba,Casablanca,Prados de Santa Bárbara
Suba,Casablanca,Puerta del Sol
Suba,Casablanca,Rincón de Suba
Suba,Casablanca,Rincón El Cóndor
Suba,Casablanca,Rincón Escuela
Suba,Casablanca,Riobamba
Suba,Casablanca,Rodrigo Lara Bonilla
Suba,Casablanca,San Cayetano
Suba,Casablanca,San Isidro Norte
Suba,Casablanca,San Jorge
Suba,Bri,Britalia
Suba,Bri,Britalia Norte
Suba,Bri,Britalia San Diego
Suba,Bri,Calima Norte
Suba,Bri,Cantagallo
Suba,Bri,Cantalejo
Suba,Bri,Colpatria Santa Helena
Suba,Bri,Colpatria Santa Helena II Sector
Suba,Bri,El Paraíso de los 12 Apóstoles
Suba,Bri,Gilmar
Suba,Bri,Granada Norte
Suba,Bri,Granjas de Namur
Suba,Bri,La Chocita
Suba,Bri,Los Eliseos
Suba,Bri,Pijao de Oro
Suba,Bri,Portales del Norte
Suba,Bri,San Cipriano
Suba,Bri,Villa Delia
Suba,Bri,Vista Bella
Suba,El ,Alcalá
Suba,El ,Atabanza
Suba,El ,Bernal y Forero
Suba,El ,Cacihia
Suba,El ,Canodromo
Suba,El ,La Sultana
Suba,El ,Libertadores
Suba,El ,Los Prados de La Sultana
Suba,El ,Madeira
Suba,El ,Manuela Arluz
Suba,El ,Mazurén
Suba,El ,Niza IX
Suba,El ,Prado Pinzón
Suba,El ,Prado Sur
Suba,El ,Prado Veraniego
Suba,El ,Prado Veraniego Norte
Suba,El ,Prado Veraniego Sur
Suba,El ,San José del Spring
Suba,El ,San José del Prado
Suba,El ,Santa Helena
Suba,El ,Tarragona
Suba,El ,Tierra Linda
Suba,,Calatrava
Suba,,Campania
Suba,,Ciudad Jardín Norte
Suba,,Colina Campestre
Suba,,Colinas de Suba
Suba,,Córdoba
Suba,,Covadonga
Suba,,Gratamira
Suba,,Iberia
Suba,,Lagos de Córdoba
Suba,,Las Villas
Suba,,Lindaraja
Suba,,Niza
Suba,,Niza Norte
Suba,,Niza Suba
Suba,,Niza VIII
Suba,,Prado Jardín
Suba,,Provenza
Suba,,Rincón de Iberia
Suba,,Sotileza
Suba,La Flo,Andes Norte
Suba,La Flo,Club los Lagartos
Suba,La Flo,Coasmedas
Suba,La Flo,Julio Flórez
Suba,La Flo,La Alborada
Suba,La Flo,La Floresta Norte
Suba,La Flo,Morato
Suba,La Flo,Nuevo Monterrey
Suba,La Flo,Pontevedra
Suba,La Flo,Potosí
Suba,La Flo,San Nicolás
Suba,La Flo,Santa Rosa
Suba,La Flo,Teusacá
Suba,,Acacias
Suba,,Alaska
Suba,,Alcázar de Suba
Suba,,Almendros Norte
Suba,,Alto de la Toma
Suba,,Bosques de San Jorge
Suba,,Campanela
Suba,,Costa Azul
Suba,,El Pencil
Suba,,El Pinar
Suba,,El Pino
Suba,,El Pórtico
Suba,,El Salitre
Suba,,Gloria Lara
Suba,,Java
Suba,,La Campiña
Suba,,La Fontana
Suba,,Las Orquídeas
Suba,,Londres
Suba,,Miraflores
Suba,,Monarcas
Suba,,Navetas
Suba,,Pinar de Suba
Suba,,Pinos de Lombardía
Suba,,Portal de Las Mercedes
Suba,,Pradera de Suba
Suba,,Prados de Suba
Suba,,San Carlos de Suba
Suba,,Santa Cecilia
Suba,,Santa Rita
Suba,,Suba Compartir
Suba,,Tibabuyes Universal
Suba,,Toscana
Suba,,Vereda Suba Rincón
Suba,,Villa del Campo
Suba,,Villa Esperanza
Suba,,Villa Hermosa
Suba,,Villa Susana
Suba,El R,Alcaparros
Suba,El R,Almirante Colón
Suba,El R,Almonacid
Suba,El R,Altos de Chozica
Suba,El R,Altos de la Esperanza
Suba,El R,Amberes
Suba,El R,Antonio Granados
Suba,El R,Arrayanes
Suba,El R,Aures I
Suba,El R,Aures II
Suba,El R,Bella Vista
Suba,El R,Bochalema
Suba,El R,Catalina
Suba,El R,Ciudad Hunza
Suba,El R,Costa Rica
Suba,El R,El Aguinaldo
Suba,El R,El Arenal
Suba,El R,El Carmen
Suba,El R,El Cerezo
Suba,El R,El Cóndor
Suba,El R,El Jardín
Suba,El R,El Jordán - La Esperanza
Suba,El R,El Naranjal
Suba,El R,El Ocal
Suba,El R,El Palmar
Suba,El R,El Poa
Suba,El R,El Progreso (Rincón)
Suba,El R,Guillermo Núñez
Suba,El R,Jaime Bermeo
Suba,El R,Japón
Suba,El R,Java II Sector
Suba,El R,La Aguadita
Suba,El R,La Alameda
Suba,El R,La Aurora
Suba,El R,La Chucua
Suba,El R,La Esmeralda
Suba,El R,La Esperanza (Calle 131A)
Suba,El R,La Estanzuela
Suba,El R,La Flor
Suba,El R,La Flora
Suba,El R,La Manuelita
Suba,El R,La Palma
Suba,El R,La Trinitaria
Suba,El R,Lago de Suba
Suba,El R,Las Flores
Suba,El R,Lombardía
Suba,El R,Los Arrayanes
Suba,El R,Los Naranjos
Suba,El R,Los Nogales
Suba,El R,Rincón de Suba
Suba,El R,Rincón del Condor
Suba,El R,Rincón Escuela
Suba,El R,Riobamba
Suba,El R,Rodrigo Lara Bonilla
Suba,El R,San Cayetano
Suba,El R,San Isidro Norte
Suba,El R,San Jorge
Suba,El R,Santa Inés - Santa Helena
Suba,El R,Tuna Baja
Suba,El R,Turingia
Suba,El R,Villas del Rincón
Suba,Tiba,Atenas
Suba,Tiba,Aures II Sector La Planta
Suba,Tiba,Berlín
Suba,Tiba,Berlín IV Sector
Suba,Tiba,Bilbao
Suba,Tiba,Bilbao I Sector
Suba,Tiba,Bilbao II Sector
Suba,Tiba,Carolina II y III
Suba,Tiba,Compartir
Suba,Tiba,El Cedro
Suba,Tiba,La Gaitana
Suba,Tiba,La Isabela
Suba,Tiba,Lisboa
Suba,Tiba,Los Nogales de Tibabuyes
Suba,Tiba,Miramar
Suba,Tiba,Nueva Tibabuyes
Suba,Tiba,Nuevo Corinto Sector E
Suba,Tiba,Prados de Santa Barbara
Suba,Tiba,Rincón de Boyacá
Suba,Tiba,Sabana de Tibabuyes
Suba,Tiba,San Carlos de Tibabuyes
Suba,Tiba,San Miguel Tibabuyes
Suba,Tiba,San Pedro
Suba,Tiba,San Pedro de Tibabuyes
Suba,Tiba,Santa Ana de Suba
Suba,Tiba,Santa Barbara Tibabuyes
Suba,Tiba,Santa Cecilia
Suba,Tiba,Santa Inés
Barrios Unidos,Los ,Conjunto Residencial Calle 100
Barrios Unidos,Los ,Entrerríos
Barrios Unidos,Los ,Escuela Militar de Cadetes
Barrios Unidos,Los ,La Castellana
Barrios Unidos,Los ,La Patria
Barrios Unidos,Los ,Los Andes
Barrios Unidos,Los ,Rionegro
Barrios Unidos,Los ,Urbanización San Martín
Barrios Unidos,Los ,Villa Calasanz
Barrios Unidos,Los ,Vizcaya
Barrios Unidos,Doce de Oc,Benjamín Herrera
Barrios Unidos,Doce de Oc,Catorce de Septiembre
Barrios Unidos,Doce de Oc,Doce de Octubre
Barrios Unidos,Doce de Oc,El Ferrol
Barrios Unidos,Doce de Oc,José Joaquín Vargas
Barrios Unidos,Doce de Oc,La Merced Norte
Barrios Unidos,Doce de Oc,La Paz
Barrios Unidos,Doce de Oc,Los Artesanos
Barrios Unidos,Doce de Oc,Metrópolis
Barrios Unidos,Doce de Oc,Nuevo Alcázar
Barrios Unidos,Doce de Oc,R. E. C. (Restrepo
Barrios Unidos,Doce de Oc,San Fernando Occidental
Barrios Unidos,Doce de Oc,San Miguel
Barrios Unidos,Doce de Oc,Santa Rosa
Barrios Unidos,Doce de Oc,Urbanización Floresta
Barrios Unidos,Doce de Oc,Urb. Industrial La Cabaña
Barrios Unidos,Los Alcá,Alcázares
Barrios Unidos,Los Alcá,Baquero
Barrios Unidos,Los Alcá,Benjamín Herrera
Barrios Unidos,Los Alcá,Concepción Norte
Barrios Unidos,Los Alcá,El Rosario
Barrios Unidos,Los Alcá,Juan XXIII
Barrios Unidos,Los Alcá,La Aurora
Barrios Unidos,Los Alcá,Muequetá
Barrios Unidos,Los Alcá,San Fernando
Barrios Unidos,Los Alcá,Siete de Agosto
Barrios Unidos,Parque el Sa,El Lago (parte Norte)
Barrios Unidos,Parque el Sa,El Salitre
Barrios Unidos,Parque el Sa,Galerías (parte Norte)
Barrios Unidos,Parque el Sa,La Esmeralda
Barrios Unidos,Parque el Sa,Pablo VI (parte Norte)
Barrios Unidos,Parque el Sa,Quinta Mutis
Teusaquillo,Galerías (UPZ,Alfonso López
Teusaquillo,Galerías (UPZ,Banco Central
Teusaquillo,Galerías (UPZ,Belalcázar
Teusaquillo,Galerías (UPZ,Campín
Teusaquillo,Galerías (UPZ,Chapinero Occidental
Teusaquillo,Galerías (UPZ,Galerías
Teusaquillo,Galerías (UPZ,San Luis
Teusaquillo,Teusaquillo (UPZ,Armenia
Teusaquillo,Teusaquillo (UPZ,Estrella
Teusaquillo,Teusaquillo (UPZ,La Magdalena
Teusaquillo,Teusaquillo (UPZ,La Soledad
Teusaquillo,Teusaquillo (UPZ,Las Américas
Teusaquillo,Teusaquillo (UPZ,Palermo
Teusaquillo,Teusaquillo (UPZ,Quesada
Teusaquillo,Teusaquillo (UPZ,Santa Teresita
Teusaquillo,Teusaquillo (UPZ,Teusaquillo
Teusaquillo,Parque Simón Bolívar-CAN (UPZ,Cantón Norte
Teusaquillo,Parque Simón Bolívar-CAN (UPZ,Estación Central
Teusaquillo,Parque Simón Bolívar-CAN (UPZ,Gran América
Teusaquillo,Parque Simón Bolívar-CAN (UPZ,Salitre Greco
Teusaquillo,La Esmeralda (UPZ,La Esmeralda
Teusaquillo,La Esmeralda (UPZ,Nicolás de Federmán
Teusaquillo,La Esmeralda (UPZ,Nuevo Campín
Teusaquillo,La Esmeralda (UPZ,Pablo VI
Teusaquillo,La Esmeralda (UPZ,Quirinal
Teusaquillo,La Esmeralda (UPZ,Rafael Núñez
Teusaquillo,Quinta Paredes (UPZ,Acevedo Tejada
Teusaquillo,Quinta Paredes (UPZ,Cama Vieja
Teusaquillo,Quinta Paredes (UPZ,Centro Nariño
Teusaquillo,Quinta Paredes (UPZ,El Recuerdo
Teusaquillo,Quinta Paredes (UPZ,Quinta Paredes
Teusaquillo,Ciudad Salitre Oriental (UPZ,Ciudad Salitre Nororiental
Teusaquillo,Ciudad Salitre Oriental (UPZ,Ciudad Salitre Suroriental
Los Mártires,Santa Isabel (UP,Eduardo Santos
Los Mártires,Santa Isabel (UP,El Progreso
Los Mártires,Santa Isabel (UP,El Vergel
Los Mártires,Santa Isabel (UP,Santa Isabel
Los Mártires,Santa Isabel (UP,Veraguas
Los Mártires,La Sabana (UPZ,Colseguros
Los Mártires,La Sabana (UPZ,El Listón
Los Mártires,La Sabana (UPZ,Florida
Los Mártires,La Sabana (UPZ,La Estanzuela
Los Mártires,La Sabana (UPZ,La Favorita
Los Mártires,La Sabana (UPZ,La Pepita
Los Mártires,La Sabana (UPZ,La Sabana
Los Mártires,La Sabana (UPZ,Paloquemao
Los Mártires,La Sabana (UPZ,Panamericano
Los Mártires,La Sabana (UPZ,Pensilvania
Los Mártires,La Sabana (UPZ,Ricaurte
Los Mártires,La Sabana (UPZ,Samper Mendoza
Los Mártires,La Sabana (UPZ,San Façon
Los Mártires,La Sabana (UPZ,San Victorino
Los Mártires,La Sabana (UPZ,Santa Fe
Los Mártires,La Sabana (UPZ,Usatama
Los Mártires,La Sabana (UPZ,Voto Nacional
Antonio Nariño,Ciudad Jardín (UP,Caracas
Antonio Nariño,Ciudad Jardín (UP,Ciudad Berna
Antonio Nariño,Ciudad Jardín (UP,Ciudad Jardín Sur
Antonio Nariño,Ciudad Jardín (UP,La Hortúa
Antonio Nariño,Ciudad Jardín (UP,Policarpa
Antonio Nariño,Ciudad Jardín (UP,Sevilla
Antonio Nariño,Restrepo (UP,Eduardo Freí
Antonio Nariño,Restrepo (UP,La Fragua
Antonio Nariño,Restrepo (UP,La Fraguita
Antonio Nariño,Restrepo (UP,Restrepo
Antonio Nariño,Restrepo (UP,San Antonio
Antonio Nariño,Restrepo (UP,San Jorge Central
Antonio Nariño,Restrepo (UP,Santander
Antonio Nariño,Restrepo (UP,Cinco de Noviembre
Antonio Nariño,Restrepo (UP,Villa Mayor
Antonio Nariño,Luna (UP,Luna Park (incluye Bima y San Antonio)
Antonio Nariño,Luna (UP,Vergel Central (parte sur)
Puente Aranda,Ciudad Montes (UP,Bochica
Puente Aranda,Ciudad Montes (UP,Carabelas
Puente Aranda,Ciudad Montes (UP,Ciudad Montes
Puente Aranda,Ciudad Montes (UP,El Sol
Puente Aranda,Ciudad Montes (UP,Jazmín
Puente Aranda,Ciudad Montes (UP,Jorge Gaitán Cortés
Puente Aranda,Ciudad Montes (UP,La Asunción
Puente Aranda,Ciudad Montes (UP,La Camelia
Puente Aranda,Ciudad Montes (UP,La Guaca
Puente Aranda,Ciudad Montes (UP,Los Comuneros
Puente Aranda,Ciudad Montes (UP,Ponderosa
Puente Aranda,Ciudad Montes (UP,Primavera
Puente Aranda,Ciudad Montes (UP,Remanso
Puente Aranda,Ciudad Montes (UP,San Eusebio
Puente Aranda,Ciudad Montes (UP,Santa Matilde
Puente Aranda,Ciudad Montes (UP,Tibaná
Puente Aranda,Ciudad Montes (UP,Torremolinos
Puente Aranda,Ciudad Montes (UP,Villa Inés
Puente Aranda,Muzú (UP,Alquería
Puente Aranda,Muzú (UP,Estación Central
Puente Aranda,Muzú (UP,Milenta
Puente Aranda,Muzú (UP,Muzú
Puente Aranda,Muzú (UP,Ricaurte
Puente Aranda,Muzú (UP,San Francisco
Puente Aranda,Muzú (UP,Techo
Puente Aranda,San Rafael (UP,El Arpa y La Lira
Puente Aranda,San Rafael (UP,Galán
Puente Aranda,San Rafael (UP,La Pradera
Puente Aranda,San Rafael (UP,La Trinidad
Puente Aranda,San Rafael (UP,San Gabriel
Puente Aranda,San Rafael (UP,San Rafael
Puente Aranda,San Rafael (UP,San Rafael Industrial
Puente Aranda,Zona Industrial (UPZ,Cundinamarca
Puente Aranda,Zona Industrial (UPZ,El Ejido
Puente Aranda,Zona Industrial (UPZ,Gorgonzola
Puente Aranda,Zona Industrial (UPZ,Industrial Centenario
Puente Aranda,Zona Industrial (UPZ,La Florida Occidental
Puente Aranda,Zona Industrial (UPZ,Los Ejidos
Puente Aranda,Zona Industrial (UPZ,Pensilvania
Puente Aranda,Puente Aranda (UPZ,Batallón Caldas
Puente Aranda,Puente Aranda (UPZ,Centro Industrial
Puente Aranda,Puente Aranda (UPZ,Ortezal
Puente Aranda,Puente Aranda (UPZ,Puente Aranda
Puente Aranda,Puente Aranda (UPZ,Salazar Gómez
La Candelaria,Candelaria (UP,Belén
La Candelaria,Candelaria (UP,Candelaria
La Candelaria,Candelaria (UP,Centro Administrativo
La Candelaria,Candelaria (UP,Egipto (parte)
La Candelaria,Candelaria (UP,Guavio (parte)
La Candelaria,Candelaria (UP,La Catedral
La Candelaria,Candelaria (UP,La Concordia
La Candelaria,Candelaria (UP,Las Aguas
La Candelaria,Candelaria (UP,Nueva Santa Fe de Bogotá
La Candelaria,Candelaria (UP,Santa Bárbara
Rafael Uribe Uribe,San José (UP,Antonia Santos
Rafael Uribe Uribe,San José (UP,Atenas
Rafael Uribe Uribe,San José (UP,Carmen Del Sol
Rafael Uribe Uribe,San José (UP,Gustavo Restrepo
Rafael Uribe Uribe,San José (UP,Hospital San Carlos
Rafael Uribe Uribe,San José (UP,Lomas
Rafael Uribe Uribe,San José (UP,Marco Fidel Suárez
Rafael Uribe Uribe,San José (UP,Olaya
Rafael Uribe Uribe,San José (UP,Quiroga Central
Rafael Uribe Uribe,San José (UP,San José
Rafael Uribe Uribe,San José (UP,San Jorge
Rafael Uribe Uribe,San José (UP,San Luis
Rafael Uribe Uribe,San José (UP,Santa Lucía
Rafael Uribe Uribe,San José (UP,Sociego Sur
Rafael Uribe Uribe,Quiroga (UP,Bravo Páez
Rafael Uribe Uribe,Quiroga (UP,Centenario
Rafael Uribe Uribe,Quiroga (UP,El Carmen
Rafael Uribe Uribe,Quiroga (UP,Granjas de San Pablo
Rafael Uribe Uribe,Quiroga (UP,Quiroga
Rafael Uribe Uribe,Quiroga (UP,Quiroga Sur
Rafael Uribe Uribe,Quiroga (UP,Río de Janeiro El Pesebre
Rafael Uribe Uribe,Quiroga (UP,Resurrección
Rafael Uribe Uribe,Marco Fidel Suárez (UP,El Recuerdo San Jorge Alto
Rafael Uribe Uribe,Marco Fidel Suárez (UP,El Triunfo
Rafael Uribe Uribe,Marco Fidel Suárez (UP,El Triunfo Sur
Rafael Uribe Uribe,Marco Fidel Suárez (UP,Libertador
Rafael Uribe Uribe,Marco Fidel Suárez (UP,Luis López De Mesa
Rafael Uribe Uribe,Marco Fidel Suárez (UP,Murillo Toro
Rafael Uribe Uribe,Marco Fidel Suárez (UP,San Jorge Sur
Rafael Uribe Uribe,Marco Fidel Suárez (UP,San Juanito
Rafael Uribe Uribe,Marco Fidel Suárez (UP,San Justino
Rafael Uribe Uribe,Marco Fidel Suárez (UP,San Jorge-Gloria Gaitán
Rafael Uribe Uribe,Marco Fidel Suárez (UP,Santa Lucía
Rafael Uribe Uribe,Marruecos (UP,Arrayanes VI
Rafael Uribe Uribe,Marruecos (UP,Cerros de Oriente
Rafael Uribe Uribe,Marruecos (UP,Danubio Del Sur
Rafael Uribe Uribe,Marruecos (UP,El Consuelo
Rafael Uribe Uribe,Marruecos (UP,El Mirador Sur I Y II
Rafael Uribe Uribe,Marruecos (UP,El Pensil
Rafael Uribe Uribe,Marruecos (UP,El Playón
Rafael Uribe Uribe,Marruecos (UP,El Puerto La Loma De San Carlos
Rafael Uribe Uribe,Marruecos (UP,El Rosal
Rafael Uribe Uribe,Marruecos (UP,El Socorro
Rafael Uribe Uribe,Marruecos (UP,Govaroba
Rafael Uribe Uribe,Marruecos (UP,Guiparma
Rafael Uribe Uribe,Marruecos (UP,La Esperanza
Rafael Uribe Uribe,Marruecos (UP,La Merced Sur
Rafael Uribe Uribe,Marruecos (UP,La Merced Sur San Ignacio
Rafael Uribe Uribe,Marruecos (UP,La Picota
Rafael Uribe Uribe,Marruecos (UP,La Playa
Rafael Uribe Uribe,Marruecos (UP,La Providencia Media
Rafael Uribe Uribe,Marruecos (UP,Marco Fidel Suárez
Rafael Uribe Uribe,Marruecos (UP,Marruecos
Rafael Uribe Uribe,Marruecos (UP,Mirador De Marruecos
Rafael Uribe Uribe,Marruecos (UP,Mirador Los Molinos II Sector
Rafael Uribe Uribe,Marruecos (UP,Molinos Del Sur
Rafael Uribe Uribe,Marruecos (UP,Nuevo Pensilvania Sur
Rafael Uribe Uribe,Marruecos (UP,Playón La Playita III
Rafael Uribe Uribe,Diana Turbay (UP,Diana Turbay
Rafael Uribe Uribe,Diana Turbay (UP,Diana Turbay Arrayanes
Rafael Uribe Uribe,Diana Turbay (UP,Diana Turbay Cultivos
Rafael Uribe Uribe,Diana Turbay (UP,El Bosque De Los Molinos
Rafael Uribe Uribe,Diana Turbay (UP,El Portal
Rafael Uribe Uribe,Diana Turbay (UP,El Portal II Sector
Rafael Uribe Uribe,Diana Turbay (UP,La Esperanza Alta
Rafael Uribe Uribe,Diana Turbay (UP,La Marquesa
Rafael Uribe Uribe,Diana Turbay (UP,La Paz
Rafael Uribe Uribe,Diana Turbay (UP,La Paz (El Cebadal)
Rafael Uribe Uribe,Diana Turbay (UP,La Picota Oriental
Rafael Uribe Uribe,Diana Turbay (UP,La Reconquista
Rafael Uribe Uribe,Diana Turbay (UP,La Reconquista (Villa Esther)
Rafael Uribe Uribe,Diana Turbay (UP,Los Arrayanes II
Rafael Uribe Uribe,Diana Turbay (UP,Los Puentes
Rafael Uribe Uribe,Diana Turbay (UP,Palermo Sur
Rafael Uribe Uribe,Diana Turbay (UP,Palermo Sur - Brisas
Rafael Uribe Uribe,Diana Turbay (UP,Palermo Sur (El Triángulo)
Rafael Uribe Uribe,Diana Turbay (UP,Palermo Sur Los Arrayanes
Rafael Uribe Uribe,Diana Turbay (UP,Palermo Sur Oswaldo Gómez
Rafael Uribe Uribe,Diana Turbay (UP,Palermo Sur San Marcos
Ciudad Bolívar,San Francisco (UP,Candelaria La Nueva
Ciudad Bolívar,San Francisco (UP,Casona (La)
Ciudad Bolívar,San Francisco (UP,Colmena
Ciudad Bolívar,San Francisco (UP,El Recuerdo
Ciudad Bolívar,San Francisco (UP,Gibraltar
Ciudad Bolívar,San Francisco (UP,Hortalizas
Ciudad Bolívar,San Francisco (UP,Juan José Rondón
Ciudad Bolívar,San Francisco (UP,Las Acacias
Ciudad Bolívar,San Francisco (UP,Millán Los Sauces
Ciudad Bolívar,San Francisco (UP,Puerta del Llano
Ciudad Bolívar,San Francisco (UP,San Fernando Sur
Ciudad Bolívar,San Francisco (UP,San Luis Sur
Ciudad Bolívar,San Francisco (UP,Santa Inés de la Acacia
Ciudad Bolívar,San Francisco (UP,Sauces
Ciudad Bolívar,Arborizadora (UP,Arborizadora Baja
Ciudad Bolívar,Arborizadora (UP,Atlanta
Ciudad Bolívar,Arborizadora (UP,Casa Linda
Ciudad Bolívar,Arborizadora (UP,Coruña (La)
Ciudad Bolívar,Arborizadora (UP,El Ensueño
Ciudad Bolívar,Arborizadora (UP,La Playa
Ciudad Bolívar,Arborizadora (UP,Madelena
Ciudad Bolívar,Arborizadora (UP,Protecho
Ciudad Bolívar,Arborizadora (UP,Rafael Escamilla
Ciudad Bolívar,Arborizadora (UP,Santa Helena
Ciudad Bolívar,Arborizadora (UP,Santa Rosa Sur
Ciudad Bolívar,Arborizadora (UP,Villa Helena
Ciudad Bolívar,Monteblanco (UP,Barranquitos
Ciudad Bolívar,Monteblanco (UP,Brazuelos de Santo Domingo
Ciudad Bolívar,Monteblanco (UP,El Mochuelo II
Ciudad Bolívar,Monteblanco (UP,Esmeralda
Ciudad Bolívar,Monteblanco (UP,Lagunitas
Ciudad Bolívar,Monteblanco (UP,Paticos
Ciudad Bolívar,El Mochuelo (UP,El Pedregal
Ciudad Bolívar,El Mochuelo (UP,La Lira
Ciudad Bolívar,El Mochuelo (UP,Las Manas
Ciudad Bolívar,El Mochuelo (UP,Mochuelo Oriental
Ciudad Bolívar,El Mochuelo (UP,Villa Jacky
Ciudad Bolívar,El Tesoro (UP,Acapulco
Ciudad Bolívar,El Tesoro (UP,Arabia
Ciudad Bolívar,El Tesoro (UP,Bogotá Sur
Ciudad Bolívar,El Tesoro (UP,Buenos Aires
Ciudad Bolívar,El Tesoro (UP,Casa de Teja
Ciudad Bolívar,El Tesoro (UP,Divino Niño
Ciudad Bolívar,El Tesoro (UP,El Consuelo
Ciudad Bolívar,El Tesoro (UP,El Mochuelo I
Ciudad Bolívar,El Tesoro (UP,El Reflejo
Ciudad Bolívar,El Tesoro (UP,El Tesoro
Ciudad Bolívar,El Tesoro (UP,Inés Elvira
Ciudad Bolívar,El Tesoro (UP,La Cumbre
Ciudad Bolívar,El Tesoro (UP,Los Duques
Ciudad Bolívar,El Tesoro (UP,Minuto de María
Ciudad Bolívar,El Tesoro (UP,Monterrey
Ciudad Bolívar,El Tesoro (UP,Ocho de Diciembre
Ciudad Bolívar,El Tesoro (UP,Potreritos
Ciudad Bolívar,El Tesoro (UP,Quiba
Ciudad Bolívar,El Tesoro (UP,República de Canadá
Ciudad Bolívar,El Tesoro (UP,República de Venezuela
Ciudad Bolívar,El Tesoro (UP,San Joaquín del Vaticano
Ciudad Bolívar,El Tesoro (UP,San Rafael Sur
Ciudad Bolívar,El Tesoro (UP,Tesorito
Ciudad Bolívar,Ismael Perdomo (UP,Barlovento
Ciudad Bolívar,Ismael Perdomo (UP,Bella Estancia
Ciudad Bolívar,Ismael Perdomo (UP,Bonanza Sur
Ciudad Bolívar,Ismael Perdomo (UP,Caracolí
Ciudad Bolívar,Ismael Perdomo (UP,Casa Loma Casavianca
Ciudad Bolívar,Ismael Perdomo (UP,Cerro del Diamante
Ciudad Bolívar,Ismael Perdomo (UP,El Espino
Ciudad Bolívar,Ismael Perdomo (UP,El Porvenir
Ciudad Bolívar,Ismael Perdomo (UP,El Rincón del Porvenir
Ciudad Bolívar,Ismael Perdomo (UP,El Rosal
Ciudad Bolívar,Ismael Perdomo (UP,Galicia
Ciudad Bolívar,Ismael Perdomo (UP,Ismael Perdomo
Ciudad Bolívar,Ismael Perdomo (UP,La Carbonera
Ciudad Bolívar,Ismael Perdomo (UP,La Estancia
Ciudad Bolívar,Ismael Perdomo (UP,Mirador de la Estancia
Ciudad Bolívar,Ismael Perdomo (UP,Mirador de Primavera
Ciudad Bolívar,Ismael Perdomo (UP,Perdomo Alto
Ciudad Bolívar,Ismael Perdomo (UP,Rincón de Galicia
Ciudad Bolívar,Ismael Perdomo (UP,Rincón de la Estancia
Ciudad Bolívar,Ismael Perdomo (UP,Rincón de la Valvanera
Ciudad Bolívar,Jerusalén (UP,Arborizadora Alta
Ciudad Bolívar,Jerusalén (UP,Bella Vista
Ciudad Bolívar,Jerusalén (UP,Florida del Sur
Ciudad Bolívar,Jerusalén (UP,Jerusalén
Ciudad Bolívar,Jerusalén (UP,La Pradera
Ciudad Bolívar,Jerusalén (UP,Las Brisas
Ciudad Bolívar,Jerusalén (UP,Las Vegas de Potosí
Ciudad Bolívar,Jerusalén (UP,Nueva Argentina
Ciudad Bolívar,Jerusalén (UP,Paraíso
Ciudad Bolívar,Jerusalén (UP,Potosí
Ciudad Bolívar,Jerusalén (UP,Tanque Laguna
Ciudad Bolívar,Jerusalén (UP,Verona
Ciudad Bolívar,Jerusalén (UP,Villas de Bolívar
