administración,estrato,antiguedad,área,habitaciones,baños,garajes,elevadores,tipo_de_inmueble,porteria,precio,Localidad,Tasa_Homicidios_100k,Tasa_Hurtos_100k,incluye_remodelado,incluye_deposito,incluye_zona_de_lavanderia,incluye_gas,incluye_parqueadero,log_precio,Cluster,nivel_lujo
532000,4,37,86.0,1,1,1,1,Apartamento,24 hrs,313900000.0,CHAPINERO,5.2,1050.0,True,False,False,True,False,19.56458502499791,0,Medio lujo
0,6,7,77.0,1,2,2,1,Apartamento,24 hrs,440100000.0,USAQUEN,8.5,850.0,True,True,False,True,True,19.90251253405353,1,Alto lujo
811893,4,14,109.0,3,4,2,1,Apartamento,24 hrs,495000000.0,USAQUEN,8.5,850.0,True,False,False,True,True,20.020068322553165,1,Alto lujo
400200,4,11,76.0,3,2,1,2,Apartamento,24 hrs,442300000.0,SUBA,9.8,750.0,True,False,False,True,True,19.907498945099466,0,Medio lujo
270000,4,20,105.0,4,2,1,0,Casa,24 hrs,387000000.0,USAQUEN,8.5,850.0,True,True,False,True,True,19.773935253578035,1,Alto lujo
211000,3,19,67.0,3,2,1,0,Apartamento,No,271500000.0,ENGATIVA,11.3,790.0,True,False,False,True,True,19.419472701021505,0,Medio lujo
226000,4,24,72.0,3,2,1,2,Apartamento,24 hrs,334000000.0,FONTIBON,10.1,810.0,True,True,True,True,True,19.626651553934988,0,Medio lujo
529000,4,30,77.0,2,2,1,1,Apartamento,24 hrs,444200000.0,USME,18.9,680.0,True,False,False,True,False,19.91178547167584,0,Medio lujo
130000,3,9,59.0,3,2,1,1,Apartamento,24 hrs,256800000.0,KENNEDY,25.4,950.0,True,False,False,True,True,19.36380813367416,0,Medio lujo
453000,5,8,54.0,1,2,1,1,Apartamento,24 hrs,384200000.0,USAQUEN,8.5,850.0,True,True,False,True,True,19.76667381090154,0,Medio lujo
282000,4,33,90.0,3,3,1,1,Apartamento,24 hrs,389300000.0,USAQUEN,8.5,850.0,True,True,False,True,True,19.7798608151494,1,Alto lujo
270000,4,3,67.0,3,2,1,2,Apartamento,24 hrs,462100000.0,FONTIBON,10.1,810.0,True,False,False,True,True,19.95129187800453,0,Medio lujo
660000,5,14,79.0,3,2,2,1,Apartamento,24 hrs,452000000.0,USAQUEN,8.5,850.0,True,True,False,True,True,19.929192740008894,1,Alto lujo
113000,2,5,38.0,2,1,0,0,Apartamento,24 hrs,200000000.0,USAQUEN,8.5,850.0,True,False,False,True,True,19.11382792951231,2,Bajo lujo
121400,3,15,61.0,3,2,0,0,Apartamento,No,268400000.0,KENNEDY,25.4,950.0,True,False,False,True,True,19.407988966787585,2,Bajo lujo
212000,3,27,70.0,3,2,1,0,Apartamento,24 hrs,301900000.0,ENGATIVA,11.3,790.0,True,False,False,True,True,19.52560639798942,0,Medio lujo
521000,6,28,85.0,2,2,1,1,Apartamento,24 hrs,493300000.0,USAQUEN,8.5,850.0,True,True,False,True,True,20.01662806823113,1,Alto lujo
330000,5,35,78.0,3,2,1,1,Apartamento,24 hrs,360800000.0,SUBA,9.8,750.0,True,False,False,True,True,19.70383434892436,0,Medio lujo
423000,4,27,86.0,3,2,1,0,Apartamento,24 hrs,329000000.0,SUBA,9.8,750.0,True,False,False,True,True,19.61156831176916,1,Alto lujo
148400,3,16,71.0,3,2,0,0,Apartamento,24 hrs,261100000.0,KENNEDY,25.4,950.0,True,False,False,True,True,19.380414037499307,2,Bajo lujo
244200,4,35,62.0,2,2,1,1,Apartamento,24 hrs,296600000.0,USAQUEN,8.5,850.0,True,False,False,True,True,19.50789499103965,0,Medio lujo
91100,3,14,56.0,3,2,0,0,Apartamento,24 hrs,218900000.0,KENNEDY,25.4,950.0,True,False,False,True,True,19.204125567061386,2,Bajo lujo
477000,5,36,72.0,3,2,1,1,Apartamento,24 hrs,395700000.0,SUBA,9.8,750.0,True,True,False,True,True,19.79616690888282,0,Medio lujo
564000,5,18,81.0,2,2,1,1,Apartamento,24 hrs,385000000.0,SUBA,9.8,750.0,True,False,False,True,False,19.76875389484946,0,Medio lujo
145000,3,9,47.0,3,2,1,1,Apartamento,24 hrs,228400000.0,KENNEDY,25.4,950.0,True,False,False,True,True,19.24660904012441,0,Medio lujo
90000,2,11,45.0,3,2,0,0,Apartamento,24 hrs,164000000.0,ENGATIVA,11.3,790.0,True,False,False,True,True,18.915376991886035,2,Bajo lujo
74000,4,5,31.0,1,1,0,1,Apartamento,24 hrs,186000000.0,USAQUEN,8.5,850.0,True,False,False,True,True,19.04125723705382,2,Bajo lujo
80000,3,17,37.0,2,1,0,0,Apartamento,24 hrs,133500000.0,SUBA,9.8,750.0,True,False,False,True,True,18.709612043295216,2,Bajo lujo
91800,2,3,38.0,1,1,0,1,Apartamento,24 hrs,132800000.0,ENGATIVA,11.3,790.0,True,False,False,True,False,18.704354802536727,2,Bajo lujo
227000,3,4,77.0,3,2,1,4,Apartamento,24 hrs,353300000.0,KENNEDY,25.4,950.0,True,True,False,True,True,19.68282811515983,0,Medio lujo
106000,3,2,40.0,2,1,0,2,Apartamento,24 hrs,175000000.0,CIUDAD BOLIVAR,35.0,650.0,True,False,False,True,True,18.980296537602072,2,Bajo lujo
57000,2,18,47.0,2,1,0,0,Apartamento,24 hrs,132200000.0,BOSA,21.5,880.0,True,False,False,True,True,18.699826492946155,2,Bajo lujo
80000,2,10,52.0,3,2,0,0,Apartamento,24 hrs,170600000.0,ENGATIVA,11.3,790.0,True,False,False,True,True,18.95483219888352,2,Bajo lujo
90000,3,10,51.0,3,2,0,0,Apartamento,24 hrs,169000000.0,SUBA,9.8,750.0,True,False,False,True,True,18.945409278804508,2,Bajo lujo
132000,3,22,43.0,2,1,0,0,Apartamento,24 hrs,177700000.0,ENGATIVA,11.3,790.0,True,False,False,True,True,18.995607298752343,2,Bajo lujo
175000,3,16,70.0,3,2,0,1,Apartamento,24 hrs,249400000.0,ENGATIVA,11.3,790.0,True,False,True,True,True,19.33456859521983,2,Bajo lujo
50000,3,17,40.0,2,1,0,0,casa con conjunto cerrado,24 hrs,118900000.0,KENNEDY,25.4,950.0,True,False,False,True,True,18.59379337007144,2,Bajo lujo
0,3,31,54.0,3,2,0,0,Apartamento,24 hrs,183400000.0,SUBA,9.8,750.0,True,True,False,True,True,19.0271801232392,2,Bajo lujo
86100,3,25,39.0,2,1,0,0,Apartamento,24 hrs,148600000.0,SUBA,9.8,750.0,True,False,True,True,True,18.81676869697741,2,Bajo lujo
132400,3,5,46.0,3,1,0,2,Apartamento,24 hrs,177800000.0,FONTIBON,10.1,810.0,True,False,False,True,True,18.996169886668376,2,Bajo lujo
139200,3,10,54.0,3,2,0,1,Apartamento,24 hrs,188900000.0,SUBA,9.8,750.0,True,False,False,True,True,19.056728337765545,2,Bajo lujo
83000,2,22,42.0,2,1,0,0,Apartamento,24 hrs,130400000.0,KENNEDY,25.4,950.0,True,False,False,True,True,18.686117215125535,2,Bajo lujo
105500,2,5,32.0,2,1,0,1,Apartamento,24 hrs,110000000.0,BOSA,21.5,880.0,True,False,False,True,True,18.5159909328476,2,Bajo lujo
170000,3,10,54.0,3,2,0,1,Apartamento,24 hrs,192700000.0,SUBA,9.8,750.0,True,False,False,True,True,19.07664513857401,2,Bajo lujo
110000,3,4,41.0,2,1,0,1,Apartamento,24 hrs,178200000.0,BOSA,21.5,880.0,True,False,False,True,True,18.99841707861265,2,Bajo lujo
95000,2,24,51.0,3,1,0,0,Apartamento,24 hrs,147200000.0,ENGATIVA,11.3,790.0,True,False,False,True,False,18.807302771052527,2,Bajo lujo
130400,3,4,53.0,3,1,0,2,Apartamento,24 hrs,163600000.0,FONTIBON,10.1,810.0,True,False,False,True,False,18.91293498824539,2,Bajo lujo
130000,2,8,47.0,3,1,0,2,Apartamento,24 hrs,135000000.0,KENNEDY,25.4,950.0,True,False,False,True,True,18.72078534381011,2,Bajo lujo
100000,3,17,50.0,2,1,0,0,Apartamento,24 hrs,180000000.0,SUBA,9.8,750.0,True,False,False,True,True,19.00846741441004,2,Bajo lujo
40000,3,29,50.0,3,1,0,0,Apartamento,No,152600000.0,KENNEDY,25.4,950.0,True,False,False,True,True,18.84333068336771,2,Bajo lujo
125300,3,2,46.0,2,1,0,1,Apartamento,24 hrs,160400000.0,ENGATIVA,11.3,790.0,True,True,False,True,False,18.893181259631103,2,Bajo lujo
67000,2,13,42.0,2,1,0,0,Apartamento,24 hrs,116200000.0,KENNEDY,25.4,950.0,True,False,False,True,True,18.570823410987938,2,Bajo lujo
41001,2,18,38.0,2,1,0,0,Apartamento,24 hrs,126000000.0,FONTIBON,10.1,810.0,True,False,False,True,True,18.65179247285226,2,Bajo lujo
80000,2,31,44.0,2,1,0,0,Apartamento,24 hrs,99200000.0,USME,18.9,680.0,True,False,False,True,True,18.412648582335745,2,Bajo lujo
56500,2,7,41.0,2,1,0,0,Apartamento,24 hrs,99300000.0,USME,18.9,680.0,True,False,False,True,True,18.41365613908589,2,Bajo lujo
105000,2,17,53.0,2,1,0,0,casa con conjunto cerrado,24 hrs,156300000.0,KENNEDY,25.4,950.0,True,False,False,True,True,18.867287801789654,2,Bajo lujo
79000,2,6,47.0,3,1,0,0,Apartamento,24 hrs,125700000.0,KENNEDY,25.4,950.0,True,False,False,True,True,18.64940868151593,2,Bajo lujo
307000,4,15,59.0,3,2,1,0,Apartamento,24 hrs,291100000.0,USAQUEN,8.5,850.0,True,True,False,True,True,19.489177412151097,0,Medio lujo
298000,4,32,74.0,3,2,1,0,Apartamento,24 hrs,274000000.0,SUBA,9.8,750.0,True,False,False,True,True,19.42863866800198,0,Medio lujo
54500,2,8,57.0,3,1,0,0,Apartamento,24 hrs,157800000.0,USAQUEN,8.5,850.0,True,False,False,True,True,18.876838972713184,2,Bajo lujo
145600,3,7,62.0,3,2,0,3,Apartamento,24 hrs,190500000.0,CIUDAD BOLIVAR,35.0,650.0,True,False,False,True,True,19.06516275778037,2,Bajo lujo
50000,3,17,62.0,3,2,0,1,Apartamento,24 hrs,244100000.0,KENNEDY,25.4,950.0,True,False,False,True,True,19.31308853945987,2,Bajo lujo
79800,2,16,52.0,3,2,0,0,Apartamento,24 hrs,169600000.0,ENGATIVA,11.3,790.0,True,False,False,True,True,18.948953287218306,2,Bajo lujo
312000,3,14,97.0,3,2,1,0,casa con conjunto cerrado,24 hrs,375000000.0,SUBA,9.8,750.0,True,True,False,True,True,19.74243658660135,1,Alto lujo
259000,3,14,72.0,3,2,2,1,Apartamento,24 hrs,389800000.0,SUBA,9.8,750.0,True,True,False,True,True,19.781144347603156,1,Alto lujo
635000,6,5,77.0,2,3,1,1,Apartamento,24 hrs,600000000.0,USAQUEN,8.5,850.0,True,False,False,True,False,20.21244021484709,1,Alto lujo
324000,4,15,88.0,3,2,1,1,Apartamento,24 hrs,415000000.0,USAQUEN,8.5,850.0,True,False,False,True,True,19.84378908060461,1,Alto lujo
93000,2,5,45.0,2,1,0,0,Apartamento,24 hrs,120000000.0,USME,18.9,680.0,True,False,False,True,True,18.603002309079653,2,Bajo lujo
126400,3,10,51.0,2,2,0,0,Apartamento,24 hrs,175000000.0,SUBA,9.8,750.0,True,False,False,True,False,18.980296537602072,2,Bajo lujo
75000,2,11,43.0,3,2,0,0,Apartamento,24 hrs,160200000.0,CIUDAD BOLIVAR,35.0,650.0,True,False,False,True,True,18.89193359884073,2,Bajo lujo
648000,6,11,65.0,2,2,1,1,Apartamento,24 hrs,472000000.0,USAQUEN,8.5,850.0,True,False,False,True,True,19.972489545668477,0,Medio lujo
70000,2,8,46.0,3,1,0,1,Apartamento,24 hrs,140000000.0,BOSA,21.5,880.0,True,False,False,True,False,18.757152987716434,2,Bajo lujo
54000,2,15,40.0,2,1,0,0,Apartamento,24 hrs,117800000.0,KENNEDY,25.4,950.0,True,False,False,True,True,18.58449883767073,2,Bajo lujo
78000,3,10,41.0,2,1,0,1,Apartamento,24 hrs,186500000.0,KENNEDY,25.4,950.0,True,False,False,True,True,19.043941802410075,2,Bajo lujo
170000,3,13,59.0,3,2,0,1,Apartamento,24 hrs,218421053.0,KENNEDY,25.4,950.0,True,False,False,True,True,19.20193519828764,2,Bajo lujo
208000,2,13,51.0,3,2,0,0,Apartamento,24 hrs,170000000.0,KENNEDY,25.4,950.0,True,False,False,True,True,18.951309000896888,2,Bajo lujo
82000,3,10,43.0,2,1,0,0,Apartamento,24 hrs,130466000.0,USAQUEN,8.5,850.0,True,False,False,True,True,18.686623222047885,2,Bajo lujo
125000,2,3,51.0,2,1,0,1,Apartamento,24 hrs,174030000.0,ENGATIVA,11.3,790.0,True,False,False,True,False,18.97473826185649,2,Bajo lujo
160400,3,5,39.0,2,1,0,3,Apartamento,24 hrs,183000000.0,SUBA,9.8,750.0,True,False,False,True,True,19.024996716270177,2,Bajo lujo
649900,5,28,109.0,3,3,1,1,Apartamento,24 hrs,534760000.0,SUBA,9.8,750.0,True,True,False,True,False,20.097328607949198,1,Alto lujo
141200,3,6,33.0,1,1,0,1,Apartamento,24 hrs,151600000.0,SUBA,9.8,750.0,True,False,False,True,True,18.83675603776885,2,Bajo lujo
67000,2,10,42.0,3,1,0,0,Apartamento,24 hrs,158830000.0,CIUDAD BOLIVAR,35.0,650.0,True,False,False,True,True,18.883345012107377,2,Bajo lujo
145500,3,8,62.0,3,2,0,3,Apartamento,24 hrs,190000000.0,CIUDAD BOLIVAR,35.0,650.0,True,False,False,True,True,19.06253463538792,2,Bajo lujo
140000,3,14,78.0,3,2,0,0,Apartamento,24 hrs,285000000.0,KENNEDY,25.4,950.0,True,False,False,True,True,19.467999741741696,0,Medio lujo
145000,3,14,61.0,2,2,0,0,Apartamento,24 hrs,225000000.0,KENNEDY,25.4,950.0,True,False,False,True,True,19.23161096461314,2,Bajo lujo
150000,2,10,52.0,3,2,0,0,Apartamento,24 hrs,170000000.0,ENGATIVA,11.3,790.0,True,False,False,True,True,18.951309000896888,2,Bajo lujo
273100,3,13,58.0,3,2,1,1,Apartamento,24 hrs,283000000.0,ENGATIVA,11.3,790.0,True,True,False,True,True,19.46095745914108,0,Medio lujo
88000,3,15,73.0,4,2,0,0,casa con conjunto cerrado,24 hrs,212400000.0,SUBA,9.8,750.0,True,False,False,True,False,19.17398185204016,2,Bajo lujo
368000,3,9,84.0,3,2,1,3,Apartamento,24 hrs,368000000.0,SUBA,9.8,750.0,True,False,False,True,False,19.7235934988506,1,Alto lujo
75000,2,7,47.0,2,1,0,0,Apartamento,24 hrs,170000000.0,CIUDAD BOLIVAR,35.0,650.0,True,True,False,True,True,18.951309000896888,2,Bajo lujo
61200,2,11,44.0,2,1,0,0,Apartamento,24 hrs,120500000.0,USME,18.9,680.0,True,False,False,True,True,18.60716031919374,2,Bajo lujo
120000,2,2,50.0,3,2,0,2,Apartamento,No,202000000.0,BOSA,21.5,880.0,True,False,False,True,False,19.123778260315973,2,Bajo lujo
65000,3,20,53.0,2,1,0,0,casa con conjunto cerrado,24 hrs,180000000.0,FONTIBON,10.1,810.0,True,False,False,True,True,19.00846741441004,2,Bajo lujo
417000,4,14,93.0,3,3,1,1,Apartamento,24 hrs,440000000.0,SUBA,9.8,750.0,True,True,False,True,True,19.902285287149308,1,Alto lujo
128200,3,11,48.0,3,1,0,0,Apartamento,24 hrs,166600000.0,SUBA,9.8,750.0,True,False,False,True,True,18.93110629369942,2,Bajo lujo
213000,4,33,51.0,2,1,1,0,Apartamento,24 hrs,211000000.0,SUBA,9.8,750.0,True,False,False,True,False,19.167368696179675,0,Medio lujo
96000,2,12,43.0,2,1,0,0,Apartamento,24 hrs,168000000.0,SUBA,9.8,750.0,True,False,False,True,True,18.939474543319918,2,Bajo lujo
144800,3,10,59.0,3,2,0,3,Apartamento,24 hrs,174000000.0,CIUDAD BOLIVAR,35.0,650.0,True,False,False,True,True,18.974565862925928,2,Bajo lujo
144800,3,10,59.0,3,2,1,1,Apartamento,24 hrs,175000000.0,CIUDAD BOLIVAR,35.0,650.0,True,False,False,True,True,18.980296537602072,0,Medio lujo
290000,3,10,68.0,3,2,1,1,Apartamento,24 hrs,354000000.0,KENNEDY,25.4,950.0,True,False,False,True,True,19.68480747392291,0,Medio lujo
957000,6,31,108.0,3,2,2,1,Apartamento,24 hrs,581745000.0,USAQUEN,8.5,850.0,True,True,False,True,True,20.18154276707151,1,Alto lujo
119100,3,11,44.0,2,1,0,2,Apartamento,24 hrs,190000000.0,KENNEDY,25.4,950.0,True,False,False,True,False,19.06253463538792,2,Bajo lujo
82000,2,16,47.0,3,1,0,0,Apartamento,24 hrs,150000000.0,KENNEDY,25.4,950.0,True,False,False,True,True,18.8261458587272,2,Bajo lujo
77800,2,8,50.0,3,2,0,0,Apartamento,24 hrs,161165050.0,USAQUEN,8.5,850.0,True,False,False,True,False,18.89793955932024,2,Bajo lujo
125300,3,3,47.0,2,1,0,1,Apartamento,24 hrs,150800000.0,ENGATIVA,11.3,790.0,True,False,False,True,True,18.83146502016943,2,Bajo lujo
177000,4,12,51.0,3,1,0,0,Apartamento,24 hrs,211060000.0,SUBA,9.8,750.0,True,False,False,True,True,19.16765301594521,2,Bajo lujo
119000,3,8,55.0,3,2,0,1,Apartamento,24 hrs,174700000.0,CIUDAD BOLIVAR,35.0,650.0,True,False,False,True,True,18.978580780828384,2,Bajo lujo
980000,6,37,110.0,3,2,2,0,Apartamento,24 hrs,564385000.0,USAQUEN,8.5,850.0,True,True,False,True,True,20.151247202465782,1,Alto lujo
350000,4,4,68.0,3,2,1,2,Apartamento,24 hrs,450000000.0,USAQUEN,8.5,850.0,True,False,False,True,True,19.92475814295086,0,Medio lujo
84000,2,23,47.0,2,1,0,0,Apartamento,24 hrs,142500000.0,KENNEDY,25.4,950.0,True,False,False,True,True,18.774852564690523,2,Bajo lujo
70500,2,14,47.0,3,1,0,0,Apartamento,24 hrs,134200000.0,KENNEDY,25.4,950.0,True,False,False,True,False,18.71484178995342,2,Bajo lujo
210000,4,20,63.0,3,2,1,0,Apartamento,24 hrs,302500000.0,FONTIBON,10.1,810.0,True,False,False,True,True,19.52759183874096,0,Medio lujo
150000,3,7,38.0,2,1,0,2,Apartamento,24 hrs,176500000.0,SUBA,9.8,750.0,True,False,False,True,True,18.98883144000335,2,Bajo lujo
100000,2,24,55.0,3,2,0,0,Apartamento,24 hrs,164510000.0,SUBA,9.8,750.0,True,False,True,True,True,18.91848192267426,2,Bajo lujo
140000,3,2,36.0,2,1,0,1,Apartamento,24 hrs,215000000.0,LOS MARTIRES,20.2,1300.0,True,False,False,True,False,19.186148590743095,2,Bajo lujo
117000,3,1,42.0,2,1,0,1,Apartamento,24 hrs,195350000.0,BOSA,21.5,880.0,True,False,False,True,True,19.09030338458437,2,Bajo lujo
0,3,1,49.0,3,1,1,0,Apartamento,24 hrs,142340000.0,BOSA,21.5,880.0,True,False,False,True,False,18.773729126860832,2,Bajo lujo
119900,2,8,46.0,3,1,0,1,Apartamento,24 hrs,132460000.0,KENNEDY,25.4,950.0,True,False,False,True,False,18.70179127857056,2,Bajo lujo
88200,2,11,48.0,3,1,0,0,Apartamento,24 hrs,110300000.0,USME,18.9,680.0,True,False,False,True,True,18.518714493289917,2,Bajo lujo
144800,3,8,59.0,3,2,0,3,Apartamento,24 hrs,177000000.0,CIUDAD BOLIVAR,35.0,650.0,True,False,False,True,True,18.99166029618782,2,Bajo lujo
106000,2,3,48.0,3,1,0,2,Apartamento,24 hrs,162000000.0,BOSA,21.5,880.0,True,False,False,True,True,18.903106899369497,2,Bajo lujo
81100,2,13,55.0,3,2,0,0,Apartamento,24 hrs,155000000.0,KENNEDY,25.4,950.0,True,False,True,True,True,18.858935681335133,2,Bajo lujo
281300,4,16,93.0,3,2,1,1,Apartamento,24 hrs,442000000.0,FONTIBON,10.1,810.0,True,False,False,True,True,19.90682044230441,1,Alto lujo
118000,3,28,66.0,3,1,0,0,Apartamento,24 hrs,165000000.0,SUBA,9.8,750.0,True,False,False,True,False,18.92145603792546,2,Bajo lujo
67000,1,15,49.0,3,1,0,0,Apartamento,24 hrs,155085000.0,KENNEDY,25.4,950.0,True,False,False,True,True,18.85948391811912,2,Bajo lujo
166000,4,7,58.0,2,2,1,1,Apartamento,No,371000000.0,TEUSAQUILLO,6.5,1100.0,True,True,True,True,True,19.73171262326713,0,Medio lujo
269100,4,19,105.0,3,2,1,0,casa con conjunto cerrado,24 hrs,400000000.0,USAQUEN,8.5,850.0,True,False,False,True,True,19.806975107572256,1,Alto lujo
300000,4,28,63.0,3,2,1,0,Apartamento,24 hrs,272000000.0,USAQUEN,8.5,850.0,True,False,False,True,True,19.421312627936743,0,Medio lujo
70000,2,11,38.0,3,1,0,0,Apartamento,24 hrs,110110000.0,KENNEDY,25.4,950.0,True,False,False,True,False,18.5169904331716,2,Bajo lujo
134200,3,15,55.0,3,2,0,0,Apartamento,24 hrs,235500000.0,FONTIBON,10.1,810.0,True,False,False,True,True,19.27722147566703,2,Bajo lujo
75400,2,13,50.0,3,1,0,0,Apartamento,24 hrs,138000000.0,USAQUEN,8.5,850.0,True,False,False,True,True,18.742764250367856,2,Bajo lujo
308000,4,30,57.0,3,2,0,0,Apartamento,24 hrs,260000000.0,USAQUEN,8.5,850.0,True,False,False,True,True,19.376192192825958,2,Bajo lujo
90000,2,10,42.0,2,1,0,0,Apartamento,24 hrs,119665000.0,USME,18.9,680.0,True,False,False,True,True,18.600206738467516,2,Bajo lujo
327000,3,18,75.0,2,2,1,0,Apartamento,24 hrs,317000000.0,SUBA,9.8,750.0,True,False,False,True,True,19.57441233499613,0,Medio lujo
61000,2,3,57.0,3,2,0,0,Apartamento,24 hrs,148000000.0,KENNEDY,25.4,950.0,True,False,False,True,True,18.812722838485147,2,Bajo lujo
125400,3,15,49.0,3,1,0,0,Apartamento,24 hrs,193000000.0,ENGATIVA,11.3,790.0,True,False,False,True,True,19.078200752050503,2,Bajo lujo
117350,2,4,47.0,2,1,0,1,Apartamento,24 hrs,164930000.0,CIUDAD BOLIVAR,35.0,650.0,True,False,True,True,True,18.921031705487515,2,Bajo lujo
160000,4,1,56.0,2,2,1,1,Apartamento,24 hrs,407982000.0,LOS MARTIRES,20.2,1300.0,True,True,False,True,True,19.82673361619925,0,Medio lujo
58800,2,3,45.0,2,1,0,0,Apartamento,24 hrs,115000000.0,USME,18.9,680.0,True,False,False,True,True,18.560442695023177,2,Bajo lujo
204000,3,2,52.0,3,2,1,1,Apartamento,24 hrs,244706000.0,KENNEDY,25.4,950.0,True,False,False,True,True,19.315568052019017,0,Medio lujo
0,2,8,65.0,3,2,1,1,Apartamento,24 hrs,308428571.0,SUBA,9.8,750.0,True,True,False,True,True,19.54700084127648,0,Medio lujo
451200,4,7,88.0,3,3,2,1,Apartamento,24 hrs,450000000.0,USAQUEN,8.5,850.0,True,True,False,True,True,19.92475814295086,1,Alto lujo
160000,2,11,42.0,3,1,0,0,Apartamento,No,110000000.0,KENNEDY,25.4,950.0,True,False,False,True,True,18.5159909328476,2,Bajo lujo
130000,3,15,63.0,3,2,0,0,Apartamento,24 hrs,287000000.0,KENNEDY,25.4,950.0,True,False,False,True,True,19.47499277720821,2,Bajo lujo
257700,3,15,78.0,3,2,1,1,Apartamento,No,315000000.0,SUBA,9.8,750.0,True,False,False,True,True,19.56808319996451,0,Medio lujo
55000,2,14,39.0,2,1,0,0,Apartamento,24 hrs,120060018.0,USME,18.9,680.0,True,False,False,True,True,18.603502334042165,2,Bajo lujo
329000,3,2,63.0,2,2,1,1,Apartamento,24 hrs,353800000.0,KENNEDY,25.4,950.0,True,True,False,True,True,19.684242342516416,0,Medio lujo
185000,3,9,47.0,2,2,0,0,Apartamento,24 hrs,156400000.0,RAFAEL URIBE URIBE,17.1,700.0,True,False,False,True,False,18.867927392469348,2,Bajo lujo
74000,2,12,37.0,2,1,0,0,Apartamento,24 hrs,115514000.0,USME,18.9,680.0,True,False,False,True,True,18.5649023013587,2,Bajo lujo
0,2,10,52.0,3,2,0,1,Apartamento,24 hrs,158690000.0,BOSA,21.5,880.0,True,False,False,True,True,18.88246317784062,2,Bajo lujo
59000,2,5,48.0,3,1,0,0,Apartamento,24 hrs,123000000.0,KENNEDY,25.4,950.0,False,True,True,False,True,18.627694921466773,2,Bajo lujo
0,3,27,75.0,3,2,1,0,Apartamento,24 hrs,272730000.0,FONTIBON,10.1,810.0,True,False,False,True,False,19.42399285643278,0,Medio lujo
142645,4,1,35.0,1,1,0,1,Apartamento,24 hrs,220000000.0,USAQUEN,8.5,850.0,False,False,True,False,True,19.20913810886209,2,Bajo lujo
50000,2,12,41.0,2,1,0,0,Apartamento,24 hrs,107100000.0,BOSA,21.5,880.0,True,False,False,True,True,18.489273544755044,2,Bajo lujo
85000,2,23,47.0,3,1,0,0,Apartamento,24 hrs,145000000.0,KENNEDY,25.4,950.0,True,False,False,True,True,18.7922443072814,2,Bajo lujo
70000,2,26,60.0,3,2,0,0,Apartamento,24 hrs,150000000.0,KENNEDY,25.4,950.0,True,False,False,True,False,18.8261458587272,2,Bajo lujo
330000,4,12,89.0,3,2,1,1,Apartamento,24 hrs,550000000.0,FONTIBON,10.1,810.0,True,False,False,True,False,20.12542883800897,1,Alto lujo
579000,4,35,119.0,3,2,1,1,Apartamento,24 hrs,439000000.0,SUBA,9.8,750.0,True,True,False,True,False,19.90000997331735,1,Alto lujo
144000,3,2,42.0,1,1,0,1,Apartamento,24 hrs,216000000.0,SUBA,9.8,750.0,True,False,False,True,False,19.190788970278067,2,Bajo lujo
100000,3,16,55.0,3,2,0,0,Apartamento,24 hrs,170000000.0,SUBA,9.8,750.0,True,False,False,True,True,18.951309000896888,2,Bajo lujo
130200,3,13,59.0,2,2,0,0,Apartamento,24 hrs,195000000.0,SUBA,9.8,750.0,True,False,False,True,True,19.088510121656228,2,Bajo lujo
112600,2,5,41.0,3,1,0,2,Apartamento,24 hrs,170500000.0,SAN CRISTOBAL,12.8,720.0,True,False,False,True,True,18.95424586055295,2,Bajo lujo
50000,1,6,49.0,3,1,0,0,Apartamento,24 hrs,103000000.0,USME,18.9,680.0,True,False,False,True,True,18.450239555902648,2,Bajo lujo
48000,1,10,45.0,2,1,0,0,Apartamento,No,98000000.0,USME,18.9,680.0,True,False,False,True,False,18.400478046838927,2,Bajo lujo
250000,3,27,45.0,2,1,1,0,Apartamento,24 hrs,205100000.0,USAQUEN,8.5,850.0,True,True,False,True,True,19.13900822791828,0,Medio lujo
240000,3,5,55.0,2,2,1,2,Apartamento,24 hrs,258500000.0,USAQUEN,8.5,850.0,True,True,False,True,True,19.37040625578123,0,Medio lujo
210482,5,36,52.0,1,1,1,0,Apartamento,No,242000000.0,USAQUEN,8.5,850.0,True,False,False,True,False,19.30444828825319,0,Medio lujo
232000,4,29,60.0,3,2,1,0,Apartamento,24 hrs,257000000.0,USAQUEN,8.5,850.0,True,False,True,True,True,19.364586646750546,0,Medio lujo
80000,2,12,41.0,2,1,0,0,Apartamento,24 hrs,123500000.0,USME,18.9,680.0,True,False,False,True,True,18.631751722129472,2,Bajo lujo
150000,3,36,66.0,3,1,1,0,Apartamento,24 hrs,240000000.0,ENGATIVA,11.3,790.0,True,False,False,True,True,19.29614948547293,0,Medio lujo
54000,3,27,49.0,3,1,0,0,Apartamento,24 hrs,171000000.0,SUBA,9.8,750.0,True,False,False,True,True,18.95717412031489,2,Bajo lujo
121000,3,15,52.0,3,1,0,0,Apartamento,No,162000000.0,SUBA,9.8,750.0,True,False,False,True,False,18.903106899369497,2,Bajo lujo
155333,4,1,31.0,1,1,0,1,Apartamento,24 hrs,242000000.0,SUBA,9.8,750.0,True,False,False,True,True,19.30444828825319,2,Bajo lujo
80000,3,17,37.0,2,1,0,0,Apartamento,24 hrs,140000000.0,SUBA,9.8,750.0,True,False,False,True,True,18.757152987716434,2,Bajo lujo
0,3,25,65.0,3,2,1,0,Apartamento,No,279000000.0,PUENTE ARANDA,15.9,870.0,True,False,False,True,False,19.44672234336987,0,Medio lujo
0,3,29,63.0,3,2,0,0,Apartamento,24 hrs,230242623.0,USAQUEN,8.5,850.0,True,False,False,True,False,19.254644197841724,2,Bajo lujo
78300,2,14,47.0,3,1,0,0,Apartamento,24 hrs,135000000.0,KENNEDY,25.4,950.0,True,False,False,True,False,18.72078534381011,2,Bajo lujo
45000,2,16,39.0,2,1,0,0,casa con conjunto cerrado,24 hrs,110000000.0,BOSA,21.5,880.0,True,False,True,True,True,18.5159909328476,2,Bajo lujo
0,2,5,89.0,3,2,1,1,Apartamento,24 hrs,485000000.0,KENNEDY,25.4,950.0,True,False,False,True,True,19.999659450963613,1,Alto lujo
274000,3,18,83.0,3,2,1,0,casa con conjunto cerrado,24 hrs,334000000.0,SUBA,9.8,750.0,True,False,False,True,True,19.626651553934988,0,Medio lujo
224000,3,29,39.0,1,1,0,0,Apartamento,No,192000000.0,SUBA,9.8,750.0,True,False,False,True,False,19.07300593520039,2,Bajo lujo
74000,3,16,44.0,2,1,0,0,casa con conjunto cerrado,24 hrs,163800000.0,SUBA,9.8,750.0,True,False,False,True,True,18.91415673548825,2,Bajo lujo
103000,3,22,53.0,3,1,0,0,Apartamento,24 hrs,165000000.0,SUBA,9.8,750.0,True,False,False,True,True,18.92145603792546,2,Bajo lujo
113000,3,23,53.0,3,1,0,0,Apartamento,No,164000000.0,SUBA,9.8,750.0,True,False,False,True,False,18.915376991886035,2,Bajo lujo
464000,6,18,61.0,1,2,1,1,Apartamento,24 hrs,341100000.0,USAQUEN,8.5,850.0,True,False,False,True,True,19.647686250320564,0,Medio lujo
100000,2,8,49.0,3,2,0,0,Apartamento,24 hrs,147000000.0,BOSA,21.5,880.0,False,False,False,False,True,18.80594315154573,2,Bajo lujo
110000,2,13,59.0,3,2,0,0,Apartamento,24 hrs,155000000.0,SUBA,9.8,750.0,True,False,False,True,True,18.858935681335133,2,Bajo lujo
112600,3,5,45.0,3,1,0,2,Apartamento,24 hrs,167500000.0,SAN CRISTOBAL,12.8,720.0,True,False,False,True,True,18.936493915199545,2,Bajo lujo
56000,2,14,40.0,3,1,0,0,Apartamento,24 hrs,113200000.0,KENNEDY,25.4,950.0,True,False,False,True,True,18.54466673256728,2,Bajo lujo
100000,3,16,56.0,3,2,0,0,Apartamento,24 hrs,226000000.0,KENNEDY,25.4,950.0,True,False,False,True,True,19.23604556166134,2,Bajo lujo
167000,3,11,50.0,3,2,0,1,Apartamento,24 hrs,180000000.0,USAQUEN,8.5,850.0,True,False,False,True,True,19.00846741441004,2,Bajo lujo
437100,4,16,110.0,3,2,1,1,Apartamento,24 hrs,560000000.0,USAQUEN,8.5,850.0,True,True,False,True,True,20.143447343479185,1,Alto lujo
68000,3,5,56.0,2,2,1,0,Apartamento,No,235000000.0,FONTIBON,10.1,810.0,True,False,False,True,False,19.275096076363752,0,Medio lujo
239000,3,28,61.0,3,2,0,0,Apartamento,24 hrs,250000000.0,USAQUEN,8.5,850.0,True,False,False,True,True,19.33697147982652,2,Bajo lujo
70000,2,6,50.0,2,1,0,0,Apartamento,24 hrs,143000000.0,BOSA,21.5,880.0,True,False,False,True,True,18.778355195217188,2,Bajo lujo
114000,3,10,55.0,3,2,0,1,Apartamento,24 hrs,170000000.0,CIUDAD BOLIVAR,35.0,650.0,True,False,False,True,True,18.951309000896888,2,Bajo lujo
95000,2,8,40.0,3,2,0,0,Apartamento,24 hrs,165000000.0,KENNEDY,25.4,950.0,True,False,False,True,False,18.92145603792546,2,Bajo lujo
122600,3,7,53.0,2,2,0,1,Apartamento,24 hrs,183500000.0,SUBA,9.8,750.0,True,False,False,True,True,19.02772523090849,2,Bajo lujo
88000,2,8,42.0,3,1,0,0,Apartamento,24 hrs,139360000.0,RAFAEL URIBE URIBE,17.1,700.0,True,False,False,True,True,18.752571078244127,2,Bajo lujo
160000,3,10,49.0,3,2,0,2,Apartamento,24 hrs,199500000.0,USAQUEN,8.5,850.0,True,False,False,True,True,19.11132479930672,2,Bajo lujo
318700,4,3,87.0,3,2,1,1,Apartamento,24 hrs,466210000.0,KENNEDY,25.4,950.0,True,True,True,True,True,19.96014673650229,1,Alto lujo
55000,2,14,38.0,2,1,0,0,Apartamento,24 hrs,112000000.0,KENNEDY,25.4,950.0,True,False,False,True,True,18.53400943818794,2,Bajo lujo
250000,4,14,58.0,3,2,1,1,Apartamento,24 hrs,317860000.0,SUBA,9.8,750.0,True,True,False,True,True,19.577121595378987,0,Medio lujo
140700,5,20,84.0,3,2,2,1,Apartamento,24 hrs,455000000.0,USAQUEN,8.5,850.0,True,True,False,True,True,19.935807979113022,1,Alto lujo
75000,3,8,51.0,3,2,0,1,Apartamento,24 hrs,146500000.0,BOSA,21.5,880.0,True,False,False,True,True,18.802535993247336,2,Bajo lujo
61200,2,9,40.0,1,1,0,0,Apartamento,24 hrs,132000000.0,USAQUEN,8.5,850.0,True,False,False,True,True,18.6983124881264,2,Bajo lujo
172800,3,20,54.0,2,3,0,0,Apartamento,24 hrs,213170000.0,SUBA,9.8,750.0,True,False,False,True,False,19.17760053210047,2,Bajo lujo
491400,5,8,105.0,3,2,2,1,Apartamento,24 hrs,577000000.0,SUBA,9.8,750.0,True,True,False,True,True,20.17335282620548,1,Alto lujo
87600,3,20,61.0,3,2,0,0,casa con conjunto cerrado,24 hrs,191000000.0,SUBA,9.8,750.0,True,False,False,True,False,19.067783991246507,2,Bajo lujo
138600,3,8,55.0,3,2,0,1,Apartamento,24 hrs,198600000.0,CIUDAD BOLIVAR,35.0,650.0,True,False,False,True,False,19.106803314610595,2,Bajo lujo
60000,1,4,43.0,3,1,0,0,Apartamento,24 hrs,124000000.0,USME,18.9,680.0,True,False,False,True,True,18.635792131633828,2,Bajo lujo
91000,2,14,50.0,3,2,0,0,Apartamento,24 hrs,151000000.0,BOSA,21.5,880.0,True,False,False,True,True,18.83279040140172,2,Bajo lujo
216900,3,15,67.0,3,2,1,0,Apartamento,24 hrs,262000000.0,SUBA,9.8,750.0,True,False,False,True,True,19.383855065542164,0,Medio lujo
166000,3,20,69.0,3,3,1,0,casa con conjunto cerrado,24 hrs,276000000.0,SUBA,9.8,750.0,True,False,False,True,False,19.43591142730461,0,Medio lujo
63000,2,8,43.0,3,2,0,0,Apartamento,24 hrs,160000000.0,SUBA,9.8,750.0,True,False,False,True,True,18.8906843794481,2,Bajo lujo
103000,3,10,56.0,2,2,1,1,Apartamento,No,235500000.0,SUBA,9.8,750.0,True,True,False,True,True,19.27722147566703,0,Medio lujo
150800,3,14,61.0,3,2,0,0,Apartamento,24 hrs,254000000.0,KENNEDY,25.4,950.0,True,False,False,True,True,19.352844828919817,2,Bajo lujo
205000,4,6,53.0,3,2,1,1,Apartamento,24 hrs,339870000.0,SUBA,9.8,750.0,True,True,False,True,False,19.644073752460084,0,Medio lujo
445900,4,15,116.0,3,2,2,1,Apartamento,24 hrs,540000000.0,USAQUEN,8.5,850.0,True,False,False,True,True,20.107079699374445,1,Alto lujo
120000,3,2,43.0,2,1,0,1,Apartamento,No,180000000.0,BOSA,21.5,880.0,True,False,False,True,True,19.00846741441004,2,Bajo lujo
65000,2,13,46.0,2,1,0,0,Apartamento,24 hrs,119000000.0,BOSA,21.5,880.0,True,False,False,True,True,18.59463405947917,2,Bajo lujo
601000,5,39,54.0,2,1,1,1,Apartamento,24 hrs,357000000.0,CHAPINERO,5.2,1050.0,True,False,False,True,False,19.693246342545034,0,Medio lujo
452000,5,26,102.0,3,3,2,0,Apartamento,24 hrs,476000000.0,SUBA,9.8,750.0,True,True,False,True,True,19.98092841429653,1,Alto lujo
63000,2,13,46.0,2,1,0,0,Apartamento,24 hrs,116000000.0,USME,18.9,680.0,True,False,False,True,True,18.569100757691327,2,Bajo lujo
60000,2,10,44.0,3,1,0,0,Apartamento,24 hrs,125000000.0,USME,18.9,680.0,True,False,False,True,False,18.643824303266577,2,Bajo lujo
110000,3,3,45.0,3,1,0,1,Apartamento,24 hrs,181845000.0,FONTIBON,10.1,810.0,True,False,False,True,True,19.01866523933012,2,Bajo lujo
414000,4,24,82.0,3,2,2,0,Apartamento,24 hrs,415000000.0,SUBA,9.8,750.0,True,False,False,True,True,19.84378908060461,1,Alto lujo
268000,3,11,54.0,3,2,0,0,Apartamento,24 hrs,233000000.0,ANTONIO NARINO,13.5,830.0,True,False,False,True,True,19.26654901582182,2,Bajo lujo
65000,2,12,48.0,3,2,0,0,Apartamento,24 hrs,136500000.0,KENNEDY,25.4,950.0,True,False,False,True,True,18.731835179915297,2,Bajo lujo
88200,2,10,48.0,3,1,0,0,Apartamento,24 hrs,110380000.0,USME,18.9,680.0,True,False,False,True,False,18.51943952503524,2,Bajo lujo
67000,2,24,36.0,2,1,0,0,Apartamento,24 hrs,125000000.0,KENNEDY,25.4,950.0,True,False,False,True,True,18.643824303266577,2,Bajo lujo
300000,5,26,66.0,2,2,1,0,Apartamento,No,350000000.0,USAQUEN,8.5,850.0,True,True,False,True,True,19.67344371530488,0,Medio lujo
46000,1,7,57.0,3,1,0,0,Apartamento,24 hrs,165000000.0,USAQUEN,8.5,850.0,True,False,False,True,False,18.92145603792546,2,Bajo lujo
127000,3,12,54.0,3,2,0,1,Apartamento,24 hrs,219000000.0,ENGATIVA,11.3,790.0,True,False,False,True,True,19.204582292346984,2,Bajo lujo
539000,5,5,100.0,3,3,1,1,Apartamento,24 hrs,626000000.0,SUBA,9.8,750.0,True,True,False,True,True,20.254860930661817,1,Alto lujo
75000,1,5,44.0,2,1,0,1,Apartamento,24 hrs,117000000.0,SUBA,9.8,750.0,True,False,False,True,False,18.57768450130904,2,Bajo lujo
90000,3,20,49.0,3,1,0,0,Apartamento,24 hrs,152885000.0,KENNEDY,25.4,950.0,True,False,False,True,False,18.845196569292195,2,Bajo lujo
236201,3,28,61.0,3,2,1,0,Apartamento,24 hrs,290000000.0,SUBA,9.8,750.0,True,False,False,True,True,19.48539148439307,0,Medio lujo
67000,1,7,48.0,3,1,0,0,Apartamento,24 hrs,130000000.0,USME,18.9,680.0,True,False,False,True,True,18.683045016112164,2,Bajo lujo
214000,3,4,71.0,3,2,1,3,Apartamento,24 hrs,341000000.0,KENNEDY,25.4,950.0,True,True,True,True,True,19.647393038180343,0,Medio lujo
87700,2,10,46.0,2,1,0,0,Apartamento,24 hrs,155000000.0,BOSA,21.5,880.0,True,False,False,True,True,18.858935681335133,2,Bajo lujo
58000,3,20,68.0,3,2,0,0,casa con conjunto cerrado,24 hrs,241430000.0,ENGATIVA,11.3,790.0,True,False,False,True,False,19.302090138110323,2,Bajo lujo
193500,3,10,55.0,3,1,0,2,Apartamento,24 hrs,234000000.0,ENGATIVA,11.3,790.0,True,False,False,True,False,19.27083167759548,2,Bajo lujo
199300,4,1,39.0,2,1,0,3,Apartamento,No,278000000.0,SUBA,9.8,750.0,True,False,False,True,True,19.443131675252037,2,Bajo lujo
144800,3,10,59.0,3,2,0,3,Apartamento,24 hrs,176200000.0,CIUDAD BOLIVAR,35.0,650.0,True,False,False,True,True,18.987130277141723,2,Bajo lujo
0,2,15,42.0,3,0,0,0,Apartamento,24 hrs,123200000.0,KENNEDY,25.4,950.0,True,False,False,True,False,18.629319617180577,2,Bajo lujo
242000,3,5,71.0,3,2,1,1,Apartamento,24 hrs,330000000.0,KENNEDY,25.4,950.0,True,True,True,True,True,19.6146032154551,0,Medio lujo
75000,2,10,57.0,3,2,0,0,Apartamento,24 hrs,160000000.0,KENNEDY,25.4,950.0,True,False,False,True,True,18.8906843794481,2,Bajo lujo
69000,2,17,62.0,3,1,0,0,Casa,24 hrs,167613000.0,KENNEDY,25.4,950.0,True,False,False,True,True,18.937168314602783,2,Bajo lujo
578000,5,6,55.0,2,2,1,1,Apartamento,24 hrs,420000000.0,USAQUEN,8.5,850.0,True,False,False,True,True,19.85576527162264,0,Medio lujo
660000,5,8,83.0,2,2,2,1,Apartamento,24 hrs,580000000.0,USAQUEN,8.5,850.0,True,True,False,True,True,20.17853866322888,1,Alto lujo
495000,4,7,83.0,2,2,2,1,Apartamento,24 hrs,570000000.0,USAQUEN,8.5,850.0,True,True,False,True,True,20.161146920547257,1,Alto lujo
816000,5,32,85.0,1,2,2,1,Apartamento,24 hrs,600000000.0,CHAPINERO,5.2,1050.0,True,False,False,True,False,20.21244021484709,1,Alto lujo
350000,4,30,89.0,3,2,1,2,Apartamento,24 hrs,360000000.0,SUBA,9.8,750.0,True,False,False,True,False,19.701614592192207,1,Alto lujo
170000,4,1,41.0,2,1,0,2,Apartamento,24 hrs,217100000.0,SUBA,9.8,750.0,True,False,False,True,False,19.19586863945469,2,Bajo lujo
58000,2,14,44.0,2,1,0,0,Apartamento,24 hrs,123290000.0,BOSA,21.5,880.0,True,False,False,True,False,18.63004986995569,2,Bajo lujo
200000,4,1,39.0,1,1,0,2,Apartamento,24 hrs,253000000.0,SUBA,9.8,750.0,True,False,False,True,True,19.348900050644364,2,Bajo lujo
745000,4,32,117.0,4,2,1,1,Apartamento,24 hrs,440000000.0,SUBA,9.8,750.0,True,False,False,True,False,19.902285287149308,1,Alto lujo
268000,3,31,52.0,3,1,1,0,Apartamento,24 hrs,224100000.0,USAQUEN,8.5,850.0,True,False,False,True,True,19.22760294323345,0,Medio lujo
45000,2,6,50.0,2,1,0,0,Apartamento,24 hrs,105500000.0,USME,18.9,680.0,True,False,False,True,True,18.47422152035907,2,Bajo lujo
414000,4,35,38.0,1,1,1,1,Apartamento,24 hrs,240000000.0,CHAPINERO,5.2,1050.0,True,True,False,True,False,19.29614948547293,0,Medio lujo
900000,5,11,104.0,3,2,2,1,Apartamento,24 hrs,540000000.0,SUBA,9.8,750.0,True,False,True,True,True,20.107079699374445,1,Alto lujo
175000,3,23,64.0,3,1,0,0,Apartamento,24 hrs,260000000.0,ENGATIVA,11.3,790.0,True,False,False,True,True,19.376192192825958,2,Bajo lujo
159200,3,16,58.0,3,2,0,0,Apartamento,24 hrs,226000000.0,KENNEDY,25.4,950.0,True,False,False,True,True,19.23604556166134,2,Bajo lujo
559000,4,35,59.0,1,1,1,1,Apartamento,24 hrs,333360000.0,CHAPINERO,5.2,1050.0,True,False,False,True,False,19.624733548078236,0,Medio lujo
40000,2,7,45.0,2,1,0,0,Apartamento,24 hrs,100000000.0,USME,18.9,680.0,True,False,False,True,False,18.420680753952364,2,Bajo lujo
80300,2,6,51.0,3,2,0,0,Apartamento,24 hrs,150500000.0,KENNEDY,25.4,950.0,True,False,True,True,False,18.829473648797723,2,Bajo lujo
267000,4,25,93.0,3,1,1,0,Apartamento,No,430670000.0,CHAPINERO,5.2,1050.0,True,False,False,True,False,19.880852695868803,1,Alto lujo
514500,4,29,59.0,1,2,1,1,Apartamento,No,380000000.0,CHAPINERO,5.2,1050.0,True,False,False,True,False,19.755681813316283,0,Medio lujo
596000,5,12,67.0,2,2,1,1,Apartamento,24 hrs,410000000.0,USAQUEN,8.5,850.0,True,True,False,True,True,19.83166772010165,0,Medio lujo
289000,4,28,75.0,2,2,1,0,Apartamento,24 hrs,313000000.0,SUBA,9.8,750.0,True,False,False,True,True,19.561713751699315,0,Medio lujo
120000,3,1,43.0,2,1,0,1,Apartamento,24 hrs,184000000.0,BOSA,21.5,880.0,True,False,False,True,True,19.030446321008043,2,Bajo lujo
400000,4,30,95.0,4,3,1,3,Apartamento,24 hrs,650000000.0,FONTIBON,10.1,810.0,True,False,False,True,False,20.29248292239242,1,Alto lujo
220000,3,6,46.0,2,2,1,1,Apartamento,24 hrs,243600000.0,FONTIBON,10.1,810.0,True,True,False,True,True,19.311038097905108,0,Medio lujo
170000,4,2,39.0,3,2,0,2,Apartamento,24 hrs,220000000.0,SUBA,9.8,750.0,True,False,False,True,False,19.20913810886209,2,Bajo lujo
145000,2,8,62.0,3,2,0,3,Apartamento,24 hrs,175670000.0,CIUDAD BOLIVAR,35.0,650.0,True,False,False,True,True,18.984117798682057,2,Bajo lujo
231000,3,19,66.0,3,3,1,0,Apartamento,24 hrs,276000000.0,USAQUEN,8.5,850.0,True,False,False,True,True,19.43591142730461,0,Medio lujo
65000,1,6,48.0,3,1,0,0,Apartamento,24 hrs,129000000.0,USME,18.9,680.0,True,False,False,True,True,18.67532297007788,2,Bajo lujo
245000,4,26,68.0,3,2,1,0,Apartamento,24 hrs,352000000.0,SUBA,9.8,750.0,True,True,False,True,True,19.67914173640328,0,Medio lujo
123000,3,1,26.0,1,1,0,1,Apartamento,24 hrs,163000000.0,PUENTE ARANDA,15.9,870.0,True,False,False,True,True,18.909260764906005,2,Bajo lujo
69000,3,17,37.0,2,1,0,0,Apartamento,24 hrs,134000000.0,SUBA,9.8,750.0,True,False,False,True,True,18.71335036537787,2,Bajo lujo
100800,3,3,39.0,2,1,0,2,Apartamento,24 hrs,175000000.0,KENNEDY,25.4,950.0,True,False,True,True,True,18.980296537602072,2,Bajo lujo
198900,3,20,65.0,3,2,0,0,Apartamento,24 hrs,265000000.0,ENGATIVA,11.3,790.0,True,False,False,True,False,19.39524038772408,2,Bajo lujo
195000,3,28,62.0,3,2,0,0,Apartamento,24 hrs,237000000.0,ENGATIVA,11.3,790.0,True,False,False,True,True,19.283570703318816,2,Bajo lujo
173000,3,20,69.0,3,2,1,0,Apartamento,24 hrs,240000000.0,SUBA,9.8,750.0,True,False,False,True,True,19.29614948547293,0,Medio lujo
55000,2,11,45.0,2,1,0,0,Apartamento,24 hrs,115471000.0,USME,18.9,680.0,True,False,False,True,True,18.5645299828088,2,Bajo lujo
79800,2,17,32.0,2,1,0,0,Apartamento,24 hrs,112000000.0,KENNEDY,25.4,950.0,True,False,False,True,False,18.53400943818794,2,Bajo lujo
174000,3,32,53.0,3,2,0,0,Apartamento,24 hrs,220000000.0,PUENTE ARANDA,15.9,870.0,True,False,False,True,False,19.20913810886209,2,Bajo lujo
68000,2,17,38.0,2,1,0,0,Apartamento,24 hrs,116000000.0,KENNEDY,25.4,950.0,True,False,False,True,True,18.569100757691327,2,Bajo lujo
66000,2,15,42.0,3,1,0,0,Apartamento,24 hrs,128000000.0,KENNEDY,25.4,950.0,True,False,False,True,True,18.667540829696392,2,Bajo lujo
125000,4,15,52.0,3,2,0,0,Apartamento,24 hrs,239200000.0,KENNEDY,25.4,950.0,True,False,False,True,True,19.292810584221357,2,Bajo lujo
345000,4,6,74.0,3,2,1,1,Apartamento,24 hrs,405000000.0,SUBA,9.8,750.0,True,False,False,True,True,19.81939762753995,0,Medio lujo
0,4,13,117.0,3,2,2,1,Apartamento,24 hrs,550000000.0,USAQUEN,8.5,850.0,True,True,False,True,True,20.12542883800897,1,Alto lujo
420000,5,28,77.0,2,2,1,1,Apartamento,24 hrs,387000000.0,SUBA,9.8,750.0,True,True,False,True,True,19.773935253578035,0,Medio lujo
320000,3,30,65.0,3,2,1,0,Apartamento,24 hrs,340000000.0,SUBA,9.8,750.0,True,False,False,True,False,19.644456178515657,0,Medio lujo
130000,3,2,50.0,3,1,0,1,Apartamento,24 hrs,150000000.0,FONTIBON,10.1,810.0,True,False,False,True,True,18.8261458587272,2,Bajo lujo
40000,2,7,45.0,2,1,0,0,Apartamento,24 hrs,85000000.0,USME,18.9,680.0,True,False,False,True,False,18.258161826219297,2,Bajo lujo
500000,4,35,143.0,3,3,1,0,Apartamento,No,615000000.0,BARRIOS UNIDOS,7.7,920.0,True,False,False,True,False,20.23713282739681,1,Alto lujo
140000,3,11,41.0,2,1,0,0,Apartamento,24 hrs,170000000.0,USAQUEN,8.5,850.0,True,False,False,True,True,18.951309000896888,2,Bajo lujo
388500,5,32,51.0,1,1,1,1,Apartamento,24 hrs,356000000.0,CHAPINERO,5.2,1050.0,True,False,True,True,True,19.69044129162529,0,Medio lujo
100000,2,10,48.0,3,1,0,0,Apartamento,24 hrs,134000000.0,USAQUEN,8.5,850.0,True,True,False,True,True,18.71335036537787,2,Bajo lujo
599999,4,20,86.0,3,2,1,1,Apartamento,24 hrs,525000000.0,CHAPINERO,5.2,1050.0,True,True,True,True,False,20.078908822460654,1,Alto lujo
297000,4,29,76.0,3,2,1,0,Apartamento,No,392000000.0,SUBA,9.8,750.0,True,False,False,True,True,19.78677240030576,0,Medio lujo
120000,3,20,82.0,4,2,0,0,casa con conjunto cerrado,24 hrs,275000000.0,SUBA,9.8,750.0,True,False,False,True,True,19.432281659267208,0,Medio lujo
140000,3,31,65.0,3,2,0,0,Apartamento,24 hrs,263150000.0,PUENTE ARANDA,15.9,870.0,True,False,False,True,True,19.38823477356417,2,Bajo lujo
198000,3,20,57.0,3,2,1,0,Apartamento,24 hrs,242000000.0,ENGATIVA,11.3,790.0,True,False,False,True,False,19.30444828825319,0,Medio lujo
40000,2,8,38.0,2,1,0,0,Apartamento,24 hrs,95000000.0,USME,18.9,680.0,True,False,False,True,True,18.36938746009113,2,Bajo lujo
358000,3,19,74.0,3,3,2,0,Casa,24 hrs,355000000.0,SUBA,9.8,750.0,True,False,False,True,False,19.687628350256592,1,Alto lujo
94500,2,16,45.0,3,1,0,0,Apartamento,24 hrs,155500000.0,ENGATIVA,11.3,790.0,True,False,False,True,False,18.86215629601443,2,Bajo lujo
207500,3,14,67.0,3,2,0,1,Apartamento,24 hrs,295000000.0,SUBA,9.8,750.0,True,False,True,True,True,19.502485917693924,0,Medio lujo
121400,3,12,60.0,3,2,0,0,Apartamento,24 hrs,190000000.0,SUBA,9.8,750.0,True,False,False,True,False,19.06253463538792,2,Bajo lujo
132900,3,20,55.0,3,2,0,0,Apartamento,24 hrs,247000000.0,SAN CRISTOBAL,12.8,720.0,True,False,False,True,True,19.32489889864084,2,Bajo lujo
78300,2,14,47.0,3,1,0,0,Apartamento,24 hrs,139000000.0,KENNEDY,25.4,950.0,True,False,False,True,False,18.74998449828921,2,Bajo lujo
78300,2,14,47.0,3,1,0,0,Apartamento,24 hrs,134000000.0,KENNEDY,25.4,950.0,True,False,False,True,False,18.71335036537787,2,Bajo lujo
181100,2,11,44.0,2,1,0,0,Apartamento,24 hrs,160000000.0,SUBA,9.8,750.0,True,False,False,True,False,18.8906843794481,2,Bajo lujo
95700,3,7,45.0,3,1,0,1,Apartamento,24 hrs,154000000.0,RAFAEL URIBE URIBE,17.1,700.0,True,False,False,True,True,18.85246316687141,2,Bajo lujo
82000,2,16,42.0,3,1,0,0,Apartamento,24 hrs,140000000.0,KENNEDY,25.4,950.0,True,False,False,True,True,18.757152987716434,2,Bajo lujo
102000,2,6,47.0,2,1,0,1,Apartamento,24 hrs,166000000.0,CIUDAD BOLIVAR,35.0,650.0,True,False,True,True,False,18.927498352344912,2,Bajo lujo
160600,4,12,61.0,3,2,0,0,Apartamento,24 hrs,255000000.0,USAQUEN,8.5,850.0,True,False,True,True,True,19.35677410704427,2,Bajo lujo
70000,3,9,47.0,3,1,0,0,Apartamento,24 hrs,174500000.0,CIUDAD BOLIVAR,35.0,650.0,True,False,False,True,True,18.977435305337416,2,Bajo lujo
174908,4,39,74.0,2,2,1,0,Apartamento,No,300000000.0,USAQUEN,8.5,850.0,True,False,False,True,False,19.519293035953808,0,Medio lujo
179800,2,9,54.0,2,1,0,0,casa con conjunto cerrado,24 hrs,184600000.0,ENGATIVA,11.3,790.0,True,False,False,True,False,19.033701885450142,2,Bajo lujo
360000,4,6,72.0,2,2,1,1,Apartamento,24 hrs,419000000.0,BARRIOS UNIDOS,7.7,920.0,True,False,False,True,False,19.853381480273047,0,Medio lujo
400000,5,26,71.0,3,2,1,0,Apartamento,24 hrs,296000000.0,SUBA,9.8,750.0,True,True,False,True,False,19.505870015666712,0,Medio lujo
63600,2,12,41.0,2,1,0,0,Apartamento,24 hrs,120000000.0,USME,18.9,680.0,True,False,False,True,True,18.603002309079653,2,Bajo lujo
171000,3,25,68.0,3,2,1,0,Apartamento,No,239580000.0,SUBA,9.8,750.0,True,False,False,True,True,19.29439795244143,0,Medio lujo
250000,3,32,61.0,3,2,1,0,Apartamento,No,255000000.0,USAQUEN,8.5,850.0,True,False,False,True,False,19.35677410704427,0,Medio lujo
143000,3,22,75.0,3,2,0,0,Apartamento,24 hrs,276000000.0,KENNEDY,25.4,950.0,False,False,False,False,False,19.43591142730461,0,Medio lujo
157000,3,8,44.0,3,1,1,1,Apartamento,24 hrs,200000000.0,CIUDAD BOLIVAR,35.0,650.0,True,False,False,True,True,19.11382792951231,0,Medio lujo
317100,3,28,61.0,2,1,1,0,Apartamento,24 hrs,280000000.0,BARRIOS UNIDOS,7.7,920.0,True,False,False,True,True,19.450300164704952,0,Medio lujo
215800,3,6,66.0,3,2,1,1,Apartamento,24 hrs,230000000.0,SUBA,9.8,750.0,True,False,False,True,False,19.25358987123529,0,Medio lujo
570000,4,12,62.0,2,2,1,1,Apartamento,24 hrs,400000000.0,USAQUEN,8.5,850.0,True,True,False,True,True,19.806975107572256,0,Medio lujo
139000,2,10,45.0,3,2,0,1,Apartamento,24 hrs,186000000.0,KENNEDY,25.4,950.0,True,False,False,True,True,19.04125723705382,2,Bajo lujo
167000,3,14,66.0,3,2,0,0,Apartamento,24 hrs,235000000.0,ENGATIVA,11.3,790.0,True,False,False,True,True,19.275096076363752,2,Bajo lujo
150000,6,26,97.0,3,2,2,1,Apartamento,24 hrs,464400000.0,USAQUEN,8.5,850.0,False,True,False,False,False,19.956256809941326,1,Alto lujo
448000,4,10,73.0,1,2,1,1,Apartamento,24 hrs,482000000.0,USAQUEN,8.5,850.0,True,True,False,True,True,19.993454674089563,0,Medio lujo
130400,3,6,50.0,3,1,0,2,Apartamento,24 hrs,154000000.0,FONTIBON,10.1,810.0,True,False,False,True,True,18.85246316687141,2,Bajo lujo
135000,3,39,57.0,3,1,1,0,Apartamento,24 hrs,213000000.0,ENGATIVA,11.3,790.0,True,True,False,True,True,19.176802728368536,0,Medio lujo
220000,5,3,68.0,2,2,1,1,Apartamento,No,418000000.0,SUBA,9.8,750.0,True,False,False,True,True,19.850991992881376,0,Medio lujo
83300,3,12,48.0,2,2,0,0,Apartamento,24 hrs,155000000.0,CIUDAD BOLIVAR,35.0,650.0,True,False,False,True,False,18.858935681335133,2,Bajo lujo
57000,2,7,41.0,2,1,0,0,Apartamento,24 hrs,102000000.0,USME,18.9,680.0,True,False,False,True,True,18.440483381052463,2,Bajo lujo
66800,2,12,42.0,2,1,0,0,Apartamento,24 hrs,130000000.0,KENNEDY,25.4,950.0,True,False,False,True,True,18.683045016112164,2,Bajo lujo
142600,3,0,35.0,1,1,0,1,Apartamento,24 hrs,205000000.0,USAQUEN,8.5,850.0,True,False,True,True,True,19.13852054198073,2,Bajo lujo
180000,3,32,59.0,3,2,1,0,Apartamento,24 hrs,250000000.0,SUBA,9.8,750.0,True,False,False,True,False,19.33697147982652,0,Medio lujo
202500,3,3,68.0,3,2,1,3,Apartamento,24 hrs,320000000.0,KENNEDY,25.4,950.0,True,False,False,True,True,19.583831556883045,0,Medio lujo
367000,4,4,71.0,3,2,1,1,Apartamento,24 hrs,456500000.0,SUBA,9.8,750.0,True,True,False,True,True,19.93909926018988,0,Medio lujo
250000,3,14,78.0,3,2,1,1,Apartamento,24 hrs,341480000.0,SUBA,9.8,750.0,True,False,False,True,True,19.64879967303481,0,Medio lujo
45000,2,15,55.0,3,1,0,0,Apartamento,24 hrs,117000000.0,USME,18.9,680.0,True,False,False,True,True,18.57768450130904,2,Bajo lujo
515000,4,29,104.0,3,3,1,1,Apartamento,24 hrs,470000000.0,TEUSAQUILLO,6.5,1100.0,True,True,True,True,False,19.96824325479604,1,Alto lujo
76500,3,20,44.0,2,1,0,0,Apartamento,24 hrs,139000000.0,SUBA,9.8,750.0,True,False,False,True,False,18.74998449828921,2,Bajo lujo
50000,2,7,44.0,2,1,0,0,Apartamento,24 hrs,98000000.0,USME,18.9,680.0,False,False,False,False,True,18.400478046838927,2,Bajo lujo
331527,3,4,40.0,1,1,0,1,Apartamento,24 hrs,230000000.0,TEUSAQUILLO,6.5,1100.0,True,False,False,True,True,19.25358987123529,2,Bajo lujo
104000,3,4,45.0,3,1,0,1,Apartamento,24 hrs,175000000.0,SAN CRISTOBAL,12.8,720.0,True,False,False,True,True,18.980296537602072,2,Bajo lujo
143000,3,0,35.0,1,1,0,1,Apartamento,24 hrs,250000000.0,USAQUEN,8.5,850.0,False,False,True,False,True,19.33697147982652,2,Bajo lujo
463,4,31,66.0,3,2,1,0,Apartamento,24 hrs,270000000.0,USAQUEN,8.5,850.0,True,False,True,True,True,19.413932520666357,0,Medio lujo
388000,3,12,86.0,3,2,1,1,Apartamento,24 hrs,419250000.0,SUBA,9.8,750.0,True,False,True,True,True,19.85397796105281,1,Alto lujo
45000,2,8,49.0,3,1,0,0,Apartamento,24 hrs,110000000.0,USME,18.9,680.0,True,False,False,True,True,18.5159909328476,2,Bajo lujo
88199,2,9,48.0,3,1,0,0,Apartamento,24 hrs,110800000.0,USME,18.9,680.0,True,False,False,True,True,18.52323734130273,2,Bajo lujo
179400,3,9,56.0,3,2,0,0,Apartamento,No,221000000.0,FONTIBON,10.1,810.0,True,False,False,True,False,19.213673264006918,2,Bajo lujo
438000,3,7,84.0,3,2,1,1,Apartamento,24 hrs,440000000.0,SUBA,9.8,750.0,True,True,False,True,False,19.902285287149308,1,Alto lujo
597000,5,24,105.0,3,3,1,1,Apartamento,24 hrs,500000000.0,SUBA,9.8,750.0,True,True,False,True,True,20.030118658386467,1,Alto lujo
85000,2,21,47.0,3,1,0,0,Apartamento,24 hrs,145500000.0,KENNEDY,25.4,950.0,True,False,False,True,True,18.795686651448676,2,Bajo lujo
325000,4,30,75.0,3,2,0,1,Apartamento,24 hrs,365300000.0,CHAPINERO,5.2,1050.0,True,False,False,True,True,19.716229494502983,0,Medio lujo
535000,5,26,70.0,2,2,1,1,Apartamento,24 hrs,395600000.0,USAQUEN,8.5,850.0,True,True,False,True,True,19.79591416024064,0,Medio lujo
88000,3,21,52.0,2,2,1,0,Apartamento,24 hrs,198320000.0,USAQUEN,8.5,850.0,True,False,False,True,True,19.105392450733564,0,Medio lujo
235000,3,30,56.0,2,1,1,0,Apartamento,24 hrs,228000000.0,KENNEDY,25.4,950.0,False,False,False,False,False,19.24485619130468,0,Medio lujo
125000,2,9,47.0,3,1,0,0,Apartamento,24 hrs,145000000.0,KENNEDY,25.4,950.0,True,False,False,True,True,18.7922443072814,2,Bajo lujo
50000,1,8,57.0,3,1,0,0,Apartamento,24 hrs,155000000.0,USAQUEN,8.5,850.0,True,False,False,True,True,18.858935681335133,2,Bajo lujo
109000,2,28,52.0,2,1,0,0,Apartamento,24 hrs,160000000.0,SUBA,9.8,750.0,True,False,False,True,True,18.8906843794481,2,Bajo lujo
71000,2,6,51.0,2,2,0,0,Apartamento,24 hrs,151000000.0,KENNEDY,25.4,950.0,True,False,False,True,True,18.83279040140172,2,Bajo lujo
200500,3,25,57.0,3,2,0,0,Apartamento,No,225000000.0,ENGATIVA,11.3,790.0,True,False,False,True,True,19.23161096461314,2,Bajo lujo
278000,4,31,47.0,1,1,1,1,Apartamento,24 hrs,275000000.0,USAQUEN,8.5,850.0,True,False,False,True,False,19.432281659267208,0,Medio lujo
68000,2,13,48.0,3,1,0,0,Apartamento,24 hrs,133500000.0,KENNEDY,25.4,950.0,True,False,False,True,False,18.709612043295216,2,Bajo lujo
67000,3,17,41.0,2,1,0,0,Casa,24 hrs,145800000.0,SUBA,9.8,750.0,True,False,True,True,False,18.79774638439754,2,Bajo lujo
0,4,25,64.0,3,2,1,1,Apartamento,24 hrs,310000000.0,SUBA,9.8,750.0,True,False,False,True,True,19.552082858669277,0,Medio lujo
62000,3,29,54.0,3,1,0,0,Apartamento,24 hrs,165000000.0,SUBA,9.8,750.0,True,False,True,True,False,18.92145603792546,2,Bajo lujo
125000,2,8,59.0,3,2,0,3,Apartamento,24 hrs,177000000.0,CIUDAD BOLIVAR,35.0,650.0,True,False,True,True,True,18.99166029618782,2,Bajo lujo
93000,2,14,37.0,2,1,0,0,Apartamento,24 hrs,125500000.0,SUBA,9.8,750.0,True,False,False,True,True,18.64781632450424,2,Bajo lujo
479000,5,18,75.0,3,2,2,1,Apartamento,24 hrs,447400000.0,USAQUEN,8.5,850.0,True,False,False,True,False,19.91896360925544,1,Alto lujo
150000,3,24,49.0,3,1,0,0,Apartamento,24 hrs,190000000.0,ENGATIVA,11.3,790.0,True,False,False,True,False,19.06253463538792,2,Bajo lujo
313300,4,15,68.0,3,2,0,1,Apartamento,24 hrs,390000000.0,SUBA,9.8,750.0,True,True,True,True,True,19.781657299652068,0,Medio lujo
660400,5,5,68.0,2,2,2,1,Apartamento,24 hrs,450000000.0,SUBA,9.8,750.0,True,True,False,True,False,19.92475814295086,1,Alto lujo
350000,4,19,76.0,3,2,1,1,Apartamento,24 hrs,365000000.0,SUBA,9.8,750.0,True,True,False,True,True,19.71540791428649,0,Medio lujo
683000,6,12,63.0,2,2,0,1,Apartamento,24 hrs,480000000.0,USAQUEN,8.5,850.0,True,True,False,True,True,19.989296663949546,0,Medio lujo
76500,3,20,44.0,2,1,0,0,Apartamento,24 hrs,152000000.0,SUBA,9.8,750.0,True,False,False,True,True,18.839391085389497,2,Bajo lujo
260000,4,21,61.0,3,2,1,0,Apartamento,24 hrs,269000000.0,SUBA,9.8,750.0,True,False,False,True,True,19.410221941283584,0,Medio lujo
220000,5,7,69.0,2,2,1,2,Apartamento,No,420000000.0,SUBA,9.8,750.0,True,False,False,True,False,19.85576527162264,0,Medio lujo
52000,2,13,45.0,2,1,0,0,Apartamento,24 hrs,119000000.0,USME,18.9,680.0,True,False,False,True,True,18.59463405947917,2,Bajo lujo
231600,4,40,73.0,3,2,0,0,Apartamento,24 hrs,285000000.0,SUBA,9.8,750.0,True,False,False,True,True,19.467999741741696,0,Medio lujo
143100,3,9,48.0,2,1,0,2,Apartamento,24 hrs,185000000.0,USAQUEN,8.5,850.0,True,False,False,True,True,19.035866388448003,2,Bajo lujo
124200,3,9,54.0,3,2,0,2,Apartamento,24 hrs,196000000.0,KENNEDY,25.4,950.0,True,False,False,True,False,19.093625222296836,2,Bajo lujo
0,4,24,67.0,2,2,1,0,Apartamento,24 hrs,330350000.0,SUBA,9.8,750.0,True,False,True,True,True,19.61566325946726,0,Medio lujo
1002600,6,29,94.0,3,3,1,1,Apartamento,No,465000000.0,USAQUEN,8.5,850.0,True,True,False,True,True,19.95754796570217,1,Alto lujo
49000,2,6,48.0,3,1,0,0,Apartamento,24 hrs,125400000.0,KENNEDY,25.4,950.0,True,False,True,True,True,18.647019194137577,2,Bajo lujo
50000,4,6,51.0,1,1,1,1,Apartamento,24 hrs,302000000.0,USAQUEN,8.5,850.0,True,False,False,True,True,19.525937578650403,0,Medio lujo
0,4,30,71.0,3,2,0,0,Apartamento,24 hrs,285000000.0,SUBA,9.8,750.0,True,False,False,True,True,19.467999741741696,0,Medio lujo
55000,2,13,45.0,2,1,0,0,Apartamento,24 hrs,118400000.0,USME,18.9,680.0,True,False,False,True,True,18.58957928886013,2,Bajo lujo
50000,1,5,48.0,3,1,0,0,Apartamento,24 hrs,133000000.0,KENNEDY,25.4,950.0,True,False,False,True,True,18.705859693704824,2,Bajo lujo
0,3,26,70.0,3,2,0,0,Apartamento,24 hrs,320000000.0,KENNEDY,25.4,950.0,True,False,False,True,False,19.583831556883045,0,Medio lujo
375000,4,36,75.0,3,2,1,1,Apartamento,24 hrs,357000000.0,USAQUEN,8.5,850.0,True,False,False,True,True,19.693246342545034,0,Medio lujo
86100,2,10,41.0,2,1,0,0,Apartamento,24 hrs,145000000.0,KENNEDY,25.4,950.0,True,False,False,True,True,18.7922443072814,2,Bajo lujo
239000,4,12,85.0,3,2,1,1,Apartamento,24 hrs,473800000.0,SUBA,9.8,750.0,True,False,False,True,True,19.97629585179956,1,Alto lujo
103000,3,2,53.0,3,1,0,2,Apartamento,24 hrs,173900000.0,FONTIBON,10.1,810.0,True,True,False,True,True,18.97399098507494,2,Bajo lujo
477000,5,5,51.0,1,2,1,1,Apartamento,24 hrs,360000000.0,USAQUEN,8.5,850.0,True,False,False,True,False,19.701614592192207,0,Medio lujo
615500,4,8,90.0,3,2,2,1,Apartamento,24 hrs,530000000.0,USAQUEN,8.5,850.0,True,False,False,True,True,20.088387566397238,1,Alto lujo
208000,3,2,66.0,3,2,1,3,Apartamento,24 hrs,280300000.0,KENNEDY,25.4,950.0,True,True,True,True,True,19.451371019702623,0,Medio lujo
217100,4,20,59.0,3,2,1,0,Apartamento,24 hrs,270000000.0,SUBA,9.8,750.0,True,False,False,True,True,19.413932520666357,0,Medio lujo
392000,3,7,55.0,2,2,1,1,Apartamento,24 hrs,295000000.0,SUBA,9.8,750.0,False,False,False,False,False,19.502485917693924,0,Medio lujo
363000,4,28,42.0,1,1,1,1,Apartamento,24 hrs,313500000.0,USAQUEN,8.5,850.0,True,True,False,True,False,19.56330992122704,0,Medio lujo
49600,4,3,51.0,3,2,0,2,Apartamento,24 hrs,167450000.0,FONTIBON,10.1,810.0,False,False,False,False,False,18.93619536317642,2,Bajo lujo
0,6,20,70.0,2,2,1,1,Apartamento,No,481800000.0,CHAPINERO,5.2,1050.0,False,False,False,False,False,19.993039650220595,0,Medio lujo
385000,5,16,69.0,2,3,1,1,Apartamento,24 hrs,385000000.0,SUBA,9.8,750.0,True,True,False,True,True,19.76875389484946,0,Medio lujo
461000,5,30,61.0,2,2,1,1,Apartamento,24 hrs,327800000.0,USAQUEN,8.5,850.0,True,False,False,True,False,19.607914227324645,0,Medio lujo
63800,2,14,55.0,3,2,0,0,Apartamento,24 hrs,145000000.0,KENNEDY,25.4,950.0,True,False,False,True,False,18.7922443072814,2,Bajo lujo
54650,2,11,42.0,2,1,0,0,Apartamento,24 hrs,116000000.0,USME,18.9,680.0,True,False,False,True,False,18.569100757691327,2,Bajo lujo
206000,3,20,80.0,3,2,1,0,Apartamento,24 hrs,280000000.0,USAQUEN,8.5,850.0,True,False,False,True,True,19.450300164704952,0,Medio lujo
72700,3,19,52.0,2,2,0,0,Apartamento,24 hrs,182000000.0,USAQUEN,8.5,850.0,True,False,False,True,True,19.01951725053557,2,Bajo lujo
150500,2,1,49.0,2,2,0,1,Apartamento,24 hrs,175000000.0,BOSA,21.5,880.0,True,False,False,True,True,18.980296537602072,2,Bajo lujo
147100,3,21,55.0,3,2,0,0,Apartamento,24 hrs,181000000.0,SUBA,9.8,750.0,True,False,False,True,True,19.01400759475496,2,Bajo lujo
254600,3,15,78.0,3,2,1,1,Apartamento,24 hrs,352000000.0,SUBA,9.8,750.0,False,False,False,False,False,19.67914173640328,0,Medio lujo
57000,2,11,45.0,2,1,0,0,Apartamento,24 hrs,116000000.0,USME,18.9,680.0,True,False,False,True,True,18.569100757691327,2,Bajo lujo
140800,3,17,68.0,4,2,1,0,casa con conjunto cerrado,24 hrs,290000000.0,KENNEDY,25.4,950.0,True,False,False,True,False,19.48539148439307,0,Medio lujo
186000,4,0,31.0,1,1,0,1,Apartamento,24 hrs,230000000.0,CHAPINERO,5.2,1050.0,False,False,False,False,False,19.25358987123529,2,Bajo lujo
127000,3,22,49.0,3,1,0,0,Apartamento,24 hrs,190000000.0,ENGATIVA,11.3,790.0,False,False,False,False,True,19.06253463538792,2,Bajo lujo
110000,3,2,53.0,3,1,0,1,Apartamento,24 hrs,152000000.0,FONTIBON,10.1,810.0,True,False,False,True,True,18.839391085389497,2,Bajo lujo
41100,2,18,38.0,2,1,0,0,Apartamento,24 hrs,124800000.0,FONTIBON,10.1,810.0,True,False,False,True,True,18.64222302191242,2,Bajo lujo
138000,3,7,64.0,3,2,1,1,Apartamento,No,355000000.0,ENGATIVA,11.3,790.0,True,False,False,True,False,19.687628350256592,0,Medio lujo
264000,4,8,48.0,1,1,1,1,Apartamento,No,281400000.0,USAQUEN,8.5,850.0,True,True,False,True,False,19.455287706198224,0,Medio lujo
533000,4,15,83.0,3,2,1,1,Apartamento,24 hrs,377400000.0,USAQUEN,8.5,850.0,True,True,False,True,True,19.748816193548432,1,Alto lujo
518300,4,16,58.0,1,1,1,1,Apartamento,No,390000000.0,CHAPINERO,5.2,1050.0,False,False,False,False,False,19.781657299652068,0,Medio lujo
629100,5,17,84.0,2,2,2,1,Apartamento,24 hrs,450000000.0,USAQUEN,8.5,850.0,True,False,False,True,False,19.92475814295086,1,Alto lujo
92000,2,18,50.0,2,1,0,0,casa con conjunto cerrado,24 hrs,150000000.0,KENNEDY,25.4,950.0,False,False,False,False,True,18.8261458587272,2,Bajo lujo
89600,2,24,34.0,2,1,0,0,Apartamento,No,95000000.0,RAFAEL URIBE URIBE,17.1,700.0,True,True,False,True,False,18.36938746009113,2,Bajo lujo
374400,5,9,76.0,2,3,1,1,Apartamento,24 hrs,409000000.0,USAQUEN,8.5,850.0,True,True,False,True,True,19.829225716452065,0,Medio lujo
220000,3,4,63.0,3,2,1,1,Apartamento,24 hrs,255000000.0,KENNEDY,25.4,950.0,True,False,True,True,True,19.35677410704427,0,Medio lujo
405000,4,29,67.0,2,2,1,1,Apartamento,24 hrs,291000000.0,SUBA,9.8,750.0,True,True,False,True,False,19.488833828572197,0,Medio lujo
55000,2,15,36.0,2,1,0,0,Apartamento,24 hrs,110000000.0,KENNEDY,25.4,950.0,True,False,False,True,True,18.5159909328476,2,Bajo lujo
0,4,6,87.0,3,2,1,2,Apartamento,24 hrs,427000000.0,SUBA,9.8,750.0,True,True,False,True,True,19.87229457353482,1,Alto lujo
90000,3,3,40.0,2,1,0,1,Apartamento,24 hrs,180000000.0,CIUDAD BOLIVAR,35.0,650.0,True,False,False,True,False,19.00846741441004,2,Bajo lujo
366000,3,8,85.0,3,2,1,0,Apartamento,24 hrs,390000000.0,SUBA,9.8,750.0,True,False,False,True,True,19.781657299652068,1,Alto lujo
592000,5,29,100.0,3,3,1,1,Apartamento,24 hrs,422900000.0,USAQUEN,8.5,850.0,False,True,False,False,False,19.862646304807345,1,Alto lujo
280000,4,1,66.0,3,2,1,1,Apartamento,24 hrs,482000000.0,FONTIBON,10.1,810.0,False,True,True,False,True,19.993454674089563,0,Medio lujo
133400,3,16,50.0,3,1,0,0,Apartamento,24 hrs,173000000.0,SUBA,9.8,750.0,True,False,False,True,True,18.9688021582424,2,Bajo lujo
200000,3,8,50.0,2,1,0,0,Apartamento,24 hrs,180000000.0,SUBA,9.8,750.0,False,False,False,False,True,19.00846741441004,2,Bajo lujo
175000,4,5,68.0,3,2,1,1,Apartamento,24 hrs,321200000.0,KENNEDY,25.4,950.0,True,True,True,True,True,19.587574543150204,0,Medio lujo
60000,2,16,48.0,2,1,0,0,casa con conjunto cerrado,24 hrs,139000000.0,KENNEDY,25.4,950.0,True,False,False,True,True,18.74998449828921,2,Bajo lujo
460800,5,28,72.0,2,2,1,0,Apartamento,24 hrs,330000000.0,SUBA,9.8,750.0,True,False,False,True,True,19.6146032154551,0,Medio lujo
34000,2,9,49.0,2,1,0,0,Apartamento,24 hrs,120000000.0,USME,18.9,680.0,True,False,False,True,True,18.603002309079653,2,Bajo lujo
370200,5,33,69.0,2,2,0,1,Apartamento,24 hrs,334000000.0,SUBA,9.8,750.0,True,False,False,True,True,19.626651553934988,0,Medio lujo
48000,1,6,46.0,3,1,0,0,Apartamento,24 hrs,95900000.0,USME,18.9,680.0,True,False,False,True,True,18.378816550281197,2,Bajo lujo
45000,2,14,42.0,2,1,0,0,Apartamento,24 hrs,116000000.0,USME,18.9,680.0,True,False,False,True,True,18.569100757691327,2,Bajo lujo
72000,2,21,45.0,2,1,0,0,casa con conjunto cerrado,24 hrs,165000000.0,KENNEDY,25.4,950.0,True,False,False,True,False,18.92145603792546,2,Bajo lujo
63000,2,18,63.0,3,2,0,0,casa con conjunto cerrado,24 hrs,178000000.0,ENGATIVA,11.3,790.0,False,True,True,False,True,18.997294113874336,2,Bajo lujo
94600,3,5,32.0,2,1,0,1,Apartamento,24 hrs,137000000.0,SAN CRISTOBAL,12.8,720.0,True,False,False,True,True,18.73549149109167,2,Bajo lujo
214400,3,1,59.0,2,2,1,2,Apartamento,24 hrs,440000000.0,SUBA,9.8,750.0,True,True,False,True,True,19.902285287149308,0,Medio lujo
322000,4,6,50.0,1,2,1,1,Apartamento,24 hrs,325000000.0,USAQUEN,8.5,850.0,True,True,False,True,True,19.599335743370936,0,Medio lujo
220000,4,19,50.0,3,2,1,1,Apartamento,24 hrs,353758000.0,USAQUEN,8.5,850.0,False,False,False,False,True,19.68412362433379,0,Medio lujo
65500,2,11,42.0,3,1,0,0,Apartamento,24 hrs,120700000.0,KENNEDY,25.4,950.0,True,False,False,True,True,18.608818694352763,2,Bajo lujo
187000,3,28,72.0,4,2,1,0,casa con conjunto cerrado,24 hrs,330000000.0,ENGATIVA,11.3,790.0,True,False,False,True,True,19.6146032154551,0,Medio lujo
0,2,23,72.0,8,4,1,0,Casa,No,450000000.0,ENGATIVA,11.3,790.0,True,False,False,True,False,19.92475814295086,0,Medio lujo
77300,2,25,51.0,3,1,0,0,Apartamento,24 hrs,150000000.0,KENNEDY,25.4,950.0,True,False,False,True,True,18.8261458587272,2,Bajo lujo
300000,4,25,95.0,3,3,1,1,Apartamento,24 hrs,510000000.0,USAQUEN,8.5,850.0,True,False,False,True,True,20.04992128564343,1,Alto lujo
70000,2,14,46.0,3,1,0,0,Apartamento,24 hrs,130000000.0,KENNEDY,25.4,950.0,True,False,False,True,True,18.683045016112164,2,Bajo lujo
400000,5,20,55.0,1,1,1,2,Apartamento,24 hrs,340000000.0,CHAPINERO,5.2,1050.0,False,True,False,False,True,19.644456178515657,0,Medio lujo
63000,3,28,66.0,4,2,2,0,Apartamento,24 hrs,260000000.0,ENGATIVA,11.3,790.0,True,False,True,True,False,19.376192192825958,0,Medio lujo
561000,5,31,95.0,4,3,2,2,Apartamento,24 hrs,530000000.0,SUBA,9.8,750.0,True,False,False,True,True,20.088387566397238,1,Alto lujo
40000,5,23,114.0,3,3,2,0,Apartamento,No,485000000.0,USAQUEN,8.5,850.0,False,True,False,False,True,19.999659450963613,1,Alto lujo
55000,2,19,47.0,2,1,0,0,Apartamento,24 hrs,115000000.0,BOSA,21.5,880.0,True,False,False,True,True,18.560442695023177,2,Bajo lujo
78300,2,13,47.0,3,1,0,0,Apartamento,24 hrs,130000000.0,KENNEDY,25.4,950.0,True,False,False,True,False,18.683045016112164,2,Bajo lujo
61300,2,18,62.0,3,1,0,0,casa con conjunto cerrado,24 hrs,181000000.0,KENNEDY,25.4,950.0,True,False,False,True,True,19.01400759475496,2,Bajo lujo
84600,3,39,50.0,2,1,0,0,Apartamento,24 hrs,180000000.0,SUBA,9.8,750.0,True,False,False,True,False,19.00846741441004,2,Bajo lujo
55000,2,3,47.0,3,1,0,0,Apartamento,24 hrs,127800000.0,KENNEDY,25.4,950.0,True,False,False,True,True,18.665977107732434,2,Bajo lujo
60000,2,4,52.0,3,1,0,2,Apartamento,24 hrs,154000000.0,KENNEDY,25.4,950.0,True,False,False,True,True,18.85246316687141,2,Bajo lujo
180000,3,20,68.0,3,2,0,0,casa con conjunto cerrado,24 hrs,265000000.0,KENNEDY,25.4,950.0,True,False,False,True,False,19.39524038772408,2,Bajo lujo
85000,2,8,39.0,2,1,0,0,Apartamento,24 hrs,140000000.0,SUBA,9.8,750.0,True,True,False,True,True,18.757152987716434,2,Bajo lujo
400000,4,28,96.0,3,2,1,1,Apartamento,24 hrs,486000000.0,USAQUEN,8.5,850.0,True,True,False,True,True,20.001719183922383,1,Alto lujo
62200,2,8,57.0,3,1,0,0,Apartamento,24 hrs,145000000.0,USAQUEN,8.5,850.0,True,False,False,True,True,18.7922443072814,2,Bajo lujo
90000,3,19,50.0,2,1,0,0,Apartamento,24 hrs,125000000.0,BOSA,21.5,880.0,False,False,False,False,False,18.643824303266577,2,Bajo lujo
58000,2,5,48.0,3,1,0,0,Apartamento,24 hrs,127700000.0,KENNEDY,25.4,950.0,True,False,True,True,True,18.66519432883362,2,Bajo lujo
392000,5,34,76.0,3,2,1,1,Apartamento,24 hrs,385000000.0,SUBA,9.8,750.0,True,True,False,True,True,19.76875389484946,0,Medio lujo
121000,3,2,47.0,3,2,0,1,Apartamento,24 hrs,180000000.0,FONTIBON,10.1,810.0,False,False,False,False,True,19.00846741441004,2,Bajo lujo
350000,4,15,90.0,3,2,2,1,Apartamento,24 hrs,470000000.0,SUBA,9.8,750.0,True,False,False,True,True,19.96824325479604,1,Alto lujo
352000,6,35,71.0,3,2,1,1,Apartamento,24 hrs,358000000.0,USAQUEN,8.5,850.0,True,False,False,True,False,19.696043547158272,0,Medio lujo
53000,1,6,47.0,3,1,0,0,Apartamento,24 hrs,124500000.0,KENNEDY,25.4,950.0,True,False,False,True,True,18.639816281901165,2,Bajo lujo
461000,5,34,72.0,3,2,1,1,Apartamento,24 hrs,360000000.0,SUBA,9.8,750.0,True,True,False,True,True,19.701614592192207,0,Medio lujo
50000,2,10,48.0,2,1,0,0,Apartamento,24 hrs,110000000.0,USME,18.9,680.0,True,False,False,True,True,18.5159909328476,2,Bajo lujo
317000,4,36,95.0,3,2,1,0,Apartamento,24 hrs,422000000.0,USAQUEN,8.5,850.0,True,False,False,True,False,19.860515874369955,1,Alto lujo
377000,4,11,73.0,3,2,1,2,Apartamento,24 hrs,415000000.0,SUBA,9.8,750.0,True,False,False,True,True,19.84378908060461,0,Medio lujo
180000,4,17,78.0,3,3,1,0,casa con conjunto cerrado,24 hrs,385000000.0,SUBA,9.8,750.0,True,True,False,True,True,19.76875389484946,0,Medio lujo
336000,3,20,63.0,3,2,1,0,Apartamento,24 hrs,257000000.0,USAQUEN,8.5,850.0,False,False,False,False,False,19.364586646750546,0,Medio lujo
0,3,48,45.0,4,4,1,0,Casa,No,450000000.0,ENGATIVA,11.3,790.0,True,False,False,True,False,19.92475814295086,0,Medio lujo
666700,5,32,86.0,3,2,2,0,Apartamento,24 hrs,437472000.0,USAQUEN,8.5,850.0,False,True,False,False,True,19.896523263999715,1,Alto lujo
67500,2,13,47.0,3,1,0,0,Apartamento,24 hrs,155000000.0,KENNEDY,25.4,950.0,True,True,False,True,False,18.858935681335133,2,Bajo lujo
240800,3,32,54.0,2,1,1,0,Apartamento,24 hrs,230000000.0,SUBA,9.8,750.0,True,False,False,True,False,19.25358987123529,0,Medio lujo
58300,1,5,48.0,3,1,0,0,Apartamento,24 hrs,127000000.0,KENNEDY,25.4,950.0,True,False,False,True,True,18.65969765229688,2,Bajo lujo
204600,3,5,38.0,1,1,0,1,Apartamento,24 hrs,270000000.0,CHAPINERO,5.2,1050.0,True,False,False,True,True,19.413932520666357,2,Bajo lujo
426000,5,10,85.0,2,3,2,1,Apartamento,24 hrs,500000000.0,USAQUEN,8.5,850.0,False,False,False,False,True,20.030118658386467,1,Alto lujo
0,2,44,126.0,6,3,1,0,Casa,No,490000000.0,BOSA,21.5,880.0,True,False,False,True,False,20.00991595110976,1,Alto lujo
274327,4,7,71.0,3,2,0,1,Apartamento,24 hrs,280000000.0,ENGATIVA,11.3,790.0,True,False,False,True,False,19.450300164704952,0,Medio lujo
793000,6,13,83.0,2,2,1,1,Apartamento,24 hrs,444350000.0,USAQUEN,8.5,850.0,True,True,False,True,True,19.912123100399235,1,Alto lujo
121000,2,2,48.0,3,2,0,1,Apartamento,24 hrs,174000000.0,FONTIBON,10.1,810.0,True,False,False,True,True,18.974565862925928,2,Bajo lujo
189000,2,8,43.0,2,1,0,2,Apartamento,24 hrs,170000000.0,SUBA,9.8,750.0,True,False,True,True,True,18.951309000896888,2,Bajo lujo
57000,2,5,47.0,3,1,0,0,Apartamento,24 hrs,125000000.0,KENNEDY,25.4,950.0,True,False,False,True,False,18.643824303266577,2,Bajo lujo
364601,6,2,31.0,1,1,1,1,Apartamento,24 hrs,376785000.0,CHAPINERO,5.2,1050.0,True,True,True,True,True,19.74718529361092,0,Medio lujo
124900,3,9,55.0,3,2,0,1,Apartamento,No,165000000.0,CIUDAD BOLIVAR,35.0,650.0,False,False,False,False,False,18.92145603792546,2,Bajo lujo
0,3,23,45.0,3,2,0,0,Casa,No,320000000.0,ENGATIVA,11.3,790.0,True,False,False,True,False,19.583831556883045,2,Bajo lujo
0,2,7,43.0,2,1,0,0,Apartamento,24 hrs,150000000.0,SUBA,9.8,750.0,True,False,False,True,False,18.8261458587272,2,Bajo lujo
516200,6,17,71.0,2,2,2,1,Apartamento,24 hrs,492000000.0,USAQUEN,8.5,850.0,True,True,False,True,True,20.013989276489102,1,Alto lujo
100200,2,2,56.0,3,2,0,0,Apartamento,24 hrs,171000000.0,SUBA,9.8,750.0,True,False,False,True,True,18.95717412031489,2,Bajo lujo
218000,3,29,61.0,3,2,0,0,Apartamento,24 hrs,220000000.0,ENGATIVA,11.3,790.0,False,False,False,False,True,19.20913810886209,2,Bajo lujo
274700,3,7,75.0,3,2,1,1,Apartamento,24 hrs,378000000.0,ENGATIVA,11.3,790.0,True,False,False,True,True,19.750404756229365,0,Medio lujo
319000,4,13,73.0,3,2,1,1,Apartamento,24 hrs,300000000.0,SUBA,9.8,750.0,False,False,False,False,True,19.519293035953808,0,Medio lujo
190000,3,18,65.0,3,2,2,0,Apartamento,24 hrs,260000000.0,SUBA,9.8,750.0,True,False,False,True,False,19.376192192825958,0,Medio lujo
587000,4,31,122.0,3,3,1,1,Apartamento,24 hrs,495000000.0,USAQUEN,8.5,850.0,True,True,False,True,False,20.020068322553165,1,Alto lujo
40000,2,8,38.0,2,1,0,0,Apartamento,24 hrs,93000000.0,USME,18.9,680.0,True,False,False,True,True,18.34811006187022,2,Bajo lujo
54000,2,9,48.0,3,1,0,0,Apartamento,24 hrs,105400000.0,USME,18.9,680.0,True,False,False,True,True,18.4732732035592,2,Bajo lujo
50000,4,19,105.0,4,3,1,0,casa con conjunto cerrado,24 hrs,400000000.0,USAQUEN,8.5,850.0,False,False,False,False,True,19.806975107572256,1,Alto lujo
0,3,20,49.0,2,2,0,0,casa con conjunto cerrado,24 hrs,170000000.0,SUBA,9.8,750.0,True,False,False,True,True,18.951309000896888,2,Bajo lujo
201000,3,13,63.0,2,2,1,1,Apartamento,24 hrs,324000000.0,SUBA,9.8,750.0,True,False,True,True,False,19.596254076843024,0,Medio lujo
464000,4,7,59.0,1,2,2,1,Apartamento,24 hrs,355000000.0,USAQUEN,8.5,850.0,True,False,False,True,True,19.687628350256592,0,Medio lujo
45000,2,19,71.0,4,2,0,0,casa con conjunto cerrado,24 hrs,220000000.0,ENGATIVA,11.3,790.0,True,False,True,True,False,19.20913810886209,2,Bajo lujo
87000,4,1,36.0,2,1,0,1,Apartamento,24 hrs,202000000.0,SUBA,9.8,750.0,True,False,False,True,True,19.123778260315973,2,Bajo lujo
40000,2,7,44.0,2,1,0,0,Apartamento,24 hrs,90000000.0,USME,18.9,680.0,True,False,False,True,True,18.31532023940565,2,Bajo lujo
405700,4,8,105.0,3,2,1,3,Apartamento,24 hrs,535000000.0,USAQUEN,8.5,850.0,True,True,False,True,True,20.09777730672944,1,Alto lujo
58000,2,14,47.0,2,1,0,0,Apartamento,No,122000000.0,BOSA,21.5,880.0,False,False,False,False,False,18.619531610894253,2,Bajo lujo
106000,3,4,46.0,2,1,0,1,Apartamento,24 hrs,184000000.0,FONTIBON,10.1,810.0,True,False,False,True,False,19.030446321008043,2,Bajo lujo
438000,5,38,47.0,2,1,1,1,Apartamento,24 hrs,381000000.0,CHAPINERO,5.2,1050.0,True,False,False,True,True,19.758309935715648,0,Medio lujo
387600,3,13,70.0,3,2,1,1,Apartamento,24 hrs,332808000.0,SUBA,9.8,750.0,False,False,False,False,True,19.62307630808868,0,Medio lujo
50000,3,14,73.0,3,2,1,0,Apartamento,24 hrs,291750503.0,USAQUEN,8.5,850.0,True,False,False,True,True,19.491409556635872,0,Medio lujo
65000,2,6,55.0,3,2,0,0,Apartamento,24 hrs,160000000.0,BOSA,21.5,880.0,True,False,False,True,True,18.8906843794481,2,Bajo lujo
601000,6,26,89.0,2,3,2,1,Apartamento,24 hrs,465000000.0,SUBA,9.8,750.0,True,False,False,True,True,19.95754796570217,1,Alto lujo
354000,4,18,87.0,3,2,1,1,Apartamento,24 hrs,490000000.0,FONTIBON,10.1,810.0,True,False,True,True,True,20.00991595110976,1,Alto lujo
97000,3,2,46.0,2,1,0,3,Apartamento,24 hrs,155000000.0,USME,18.9,680.0,True,False,False,True,True,18.858935681335133,2,Bajo lujo
495000,4,22,82.0,3,2,1,1,Apartamento,24 hrs,450000000.0,SUBA,9.8,750.0,True,False,False,True,False,19.92475814295086,1,Alto lujo
457000,6,35,88.0,4,2,2,1,Apartamento,24 hrs,500000000.0,USAQUEN,8.5,850.0,True,True,False,True,True,20.030118658386467,1,Alto lujo
653000,6,39,70.0,3,2,1,0,Apartamento,24 hrs,337000000.0,USAQUEN,8.5,850.0,True,False,False,True,True,19.635593491283995,0,Medio lujo
188000,3,22,62.0,3,2,1,0,Apartamento,24 hrs,274000000.0,ENGATIVA,11.3,790.0,True,False,False,True,True,19.42863866800198,0,Medio lujo
272000,3,16,87.0,3,2,1,0,casa con conjunto cerrado,24 hrs,420000000.0,SUBA,9.8,750.0,True,True,False,True,False,19.85576527162264,1,Alto lujo
199000,4,10,55.0,2,2,1,1,Apartamento,24 hrs,290000000.0,SUBA,9.8,750.0,True,False,False,True,True,19.48539148439307,0,Medio lujo
495000,5,27,101.0,3,4,1,1,Apartamento,24 hrs,500000000.0,SUBA,9.8,750.0,True,True,False,True,False,20.030118658386467,1,Alto lujo
54650,2,12,45.0,2,1,0,0,Apartamento,24 hrs,120000000.0,USME,18.9,680.0,True,False,False,True,True,18.603002309079653,2,Bajo lujo
60000,1,6,47.0,2,1,0,0,Apartamento,24 hrs,123000000.0,KENNEDY,25.4,950.0,True,False,False,True,False,18.627694921466773,2,Bajo lujo
111000,3,1,49.0,3,2,0,1,Apartamento,24 hrs,175000000.0,FONTIBON,10.1,810.0,False,False,False,False,True,18.980296537602072,2,Bajo lujo
218000,3,27,70.0,3,2,0,1,Apartamento,24 hrs,225000000.0,SUBA,9.8,750.0,True,False,False,True,True,19.23161096461314,2,Bajo lujo
50000,3,10,62.0,3,2,1,0,Apartamento,No,240600000.0,KENNEDY,25.4,950.0,True,False,False,True,True,19.298646365661128,0,Medio lujo
270000,3,27,86.0,4,2,0,0,casa con conjunto cerrado,24 hrs,365000000.0,KENNEDY,25.4,950.0,True,False,False,True,False,19.71540791428649,0,Medio lujo
84000,2,12,55.0,3,2,0,0,Apartamento,24 hrs,145660000.0,KENNEDY,25.4,950.0,True,False,True,True,True,18.796785703619346,2,Bajo lujo
292000,6,38,68.0,2,2,1,0,Apartamento,24 hrs,380000000.0,USAQUEN,8.5,850.0,False,True,False,False,True,19.755681813316283,0,Medio lujo
567000,4,37,77.0,2,2,1,1,Apartamento,24 hrs,356000000.0,USAQUEN,8.5,850.0,True,True,False,True,True,19.69044129162529,0,Medio lujo
76000,2,6,53.0,3,2,0,0,Apartamento,24 hrs,155000000.0,BOSA,21.5,880.0,True,False,False,True,True,18.858935681335133,2,Bajo lujo
70000,2,25,43.0,3,1,0,0,Apartamento,24 hrs,150000000.0,KENNEDY,25.4,950.0,True,False,False,True,True,18.8261458587272,2,Bajo lujo
212000,3,21,59.0,3,2,1,0,Apartamento,24 hrs,230000000.0,SUBA,9.8,750.0,True,False,False,True,False,19.25358987123529,0,Medio lujo
53800,2,13,41.0,2,1,0,0,Apartamento,24 hrs,120000000.0,USME,18.9,680.0,True,False,False,True,True,18.603002309079653,2,Bajo lujo
118000,3,2,45.0,2,1,0,1,Apartamento,24 hrs,180000000.0,KENNEDY,25.4,950.0,True,False,False,True,True,19.00846741441004,2,Bajo lujo
180000,4,19,63.0,3,2,1,2,Apartamento,24 hrs,270000000.0,SUBA,9.8,750.0,True,False,False,True,True,19.413932520666357,0,Medio lujo
0,4,4,70.0,3,2,1,1,Apartamento,No,480000000.0,TEUSAQUILLO,6.5,1100.0,True,True,True,True,True,19.989296663949546,0,Medio lujo
184000,3,3,61.0,3,2,0,1,Apartamento,24 hrs,269000000.0,KENNEDY,25.4,950.0,True,False,False,True,True,19.410221941283584,2,Bajo lujo
80000,2,14,50.0,3,2,0,0,Apartamento,24 hrs,141000000.0,KENNEDY,25.4,950.0,True,False,True,True,True,18.76427045543464,2,Bajo lujo
90000,2,24,51.0,3,1,0,0,Apartamento,24 hrs,155000000.0,ENGATIVA,11.3,790.0,True,False,False,True,False,18.858935681335133,2,Bajo lujo
85700,2,7,53.0,2,2,0,2,Apartamento,24 hrs,147000000.0,KENNEDY,25.4,950.0,True,False,False,True,False,18.80594315154573,2,Bajo lujo
320000,4,36,78.0,3,2,1,1,Apartamento,24 hrs,443000000.0,FONTIBON,10.1,810.0,True,True,False,True,False,19.909080330266747,1,Alto lujo
70000,2,13,46.0,2,1,0,0,Apartamento,24 hrs,140000000.0,KENNEDY,25.4,950.0,True,False,False,True,True,18.757152987716434,2,Bajo lujo
65000,2,6,57.0,3,2,0,0,Apartamento,24 hrs,147300000.0,KENNEDY,25.4,950.0,True,False,False,True,True,18.807981888221725,2,Bajo lujo
69000,2,23,43.0,2,1,0,0,Apartamento,24 hrs,132000000.0,KENNEDY,25.4,950.0,True,False,False,True,True,18.6983124881264,2,Bajo lujo
46000,2,12,43.0,2,1,0,0,Apartamento,24 hrs,114000000.0,USME,18.9,680.0,True,False,True,True,True,18.5517090151307,2,Bajo lujo
84000,2,12,55.0,3,1,0,0,Apartamento,24 hrs,139000000.0,KENNEDY,25.4,950.0,True,False,False,True,True,18.74998449828921,2,Bajo lujo
58700,2,7,57.0,3,1,0,0,Apartamento,24 hrs,160140000.0,USAQUEN,8.5,850.0,True,False,False,True,True,18.8915589968533,2,Bajo lujo
168000,4,26,50.0,1,2,1,0,Apartamento,24 hrs,290000000.0,USME,18.9,680.0,True,False,False,True,False,19.48539148439307,0,Medio lujo
136000,2,17,72.0,3,3,1,0,casa con conjunto cerrado,24 hrs,270300000.0,KENNEDY,25.4,950.0,True,False,True,True,True,19.41504301494627,0,Medio lujo
73000,2,7,56.0,3,1,0,0,Apartamento,24 hrs,150000000.0,KENNEDY,25.4,950.0,True,False,False,True,True,18.8261458587272,2,Bajo lujo
176800,3,3,68.0,3,2,1,1,Apartamento,24 hrs,357000000.0,KENNEDY,25.4,950.0,True,True,False,True,True,19.693246342545034,0,Medio lujo
51000,1,6,47.0,3,1,0,0,Apartamento,24 hrs,132600000.0,KENNEDY,25.4,950.0,True,False,False,True,True,18.702847643257517,2,Bajo lujo
108000,3,0,39.0,2,1,0,1,Apartamento,24 hrs,195000000.0,KENNEDY,25.4,950.0,True,False,False,True,True,19.088510121656228,2,Bajo lujo
155000,2,10,57.0,2,1,0,0,casa con conjunto cerrado,24 hrs,190000000.0,ENGATIVA,11.3,790.0,True,False,False,True,True,19.06253463538792,2,Bajo lujo
0,4,6,51.0,1,2,1,1,Apartamento,24 hrs,366000000.0,PUENTE ARANDA,15.9,870.0,True,False,True,True,True,19.71814389409788,0,Medio lujo
55000,2,17,50.0,3,1,0,0,Apartamento,No,127000000.0,BOSA,21.5,880.0,True,False,False,True,False,18.65969765229688,2,Bajo lujo
816600,6,32,112.0,3,2,2,1,Apartamento,24 hrs,500000000.0,USAQUEN,8.5,850.0,True,True,False,True,True,20.030118658386467,1,Alto lujo
510000,5,29,105.0,3,2,1,0,Apartamento,24 hrs,456000000.0,SUBA,9.8,750.0,True,True,False,True,True,19.93800336967164,1,Alto lujo
